age	all	although	at	but	can	days	emotional	fan	feel	golden	hear	his	jim	life	lord	loving	many	now	reeves	relaxed	singer	singers	still	thank	those	time	we
1st	30	all	are	back	be	blessing	came	can	day	december	from	god	greatest	hope	later	leave	life	man	marry	mary	nam	now	some	thank	tour	viet	when	who	years
always	are	heart	wherever
always	be	can	close	come	elvis	his	king	no	number	place	taking	will
anytime	be	begin	could	future	generation	goes	hit	if	new	on	play	radio	still	they
64	am	father	jim	listen	now	reeves	remember	used	when	young
all	as	father	favorites	has	him	into	late	meaning	played	singer	special	time	top	very
100	29	along	as	at	by	college	come	could	daddy	from	generation	grandma	grandpa	guess	heard	him	his	jim	least	man	maybe	mine	mr	next	no	now	old	reeves	sing	singer	sir	songs	top	well	which	wonderful	years
again	as	elvis	nothing	now	then	there
be	best	blues	country	elvis	ever	heart	if	no	rhythm	rock	roll	soul	there	were	will	would
baby	blow	guaranteed	mind	part	roller	steam	your
absolutely	elvis	forever	him	lord	made	off	really	showing	when	will
different	enjoy	familys	generations	hear	quality	true
all	could	favorite	forever	him	listen	singer	time
any	anytime	distant	drums	emotions	especially	get	hear	his	jim	reeves	songs	very
die	ever	every	his	know	loved	made	man	mother	much	never	played	sounds	think	will	word
all	best	country	lovey	singers	time
60	but	heart	melts	prepare	rocker	sound	usually
absolutely	appreciate	at	brilliant	but	can	days	good	his	jim	least	now	older	people	posting	thanks	video	when	who	yes
all	come	first	innocent	jim	live	long	more	reeves	reminds	their	think	time	us	ve
about	as	boy	but	by	favorites	girl	him	interpretation	little	mother	number	on	put	says	someone	think	three	treat	very	who	whose
boy	brought	early	girl	knew	think	up	when	who
boy	but	favorite	many	songs	still	they
1967	anyone	around	audio	book	fantastic	listening	now	pete	reading	right	version	very	well
another	away	dear	different	distant	drums	favorite	gone	heard	her	jim	meaning	mum	now	oh	on	reeves	she	songs	sound	takes	tears
always	amazing	classic	drumming	heart	known	lifts	little	sensational
amazing	an	before	heard	never	rhythm	what	wow
about	four	mine	name	or	parents	three	when	who
can	childhood	friends	just	listen	mom	now	seen	she	sing	singing	something	started	stop	today
100	along	beatles	best	classic	even	from	now	on	over	played	will	years
album	be	could	doubt	ever	greatest	has	its	just	no	only	single	story	tommy	unbelievable	who	work
barry	been	brilliant	done	had	if	mix	motown	nice	orchestra	reminds	such	too	ve	version	white	would
all	back	favorites	magnificent	or	then	time	today
band	broken	fell	first	heard	hit	home	on	really	road	time
60s	90s	about	appreciate	around	back	be	but	day	do	don	enjoy	ever	folks	get	god	magic	man	meaning	no	oh	play	playing	short	something	talking	then	they	through	wanna	we	when
anyone	beat	can	classic	does	drummer	find	know	on	thanks	who
amazing	background	classics	credit	deserved	did	dramatic	got	most	never	on	pop	powerful	probably	sharing	songs	thank	these	they	work	youth
before	don	dropped	found	go	let	trailer	week
all	am	any	cause	good	here	listen	must	not	other	parents	them
always	at	called	desert	don	go	hear	job	let	lol	makes	middle	or	saw	side	think	till	trailer	what	wondered	world
days	don	hears	its	now	sad	songs	these	we	words
am	here	him	listen	look	mom	told	up
elvis	forever	live	long	many	miss	never	singers	why	will	world
along	cry	emotion	every	family	his	king	live	long	makes	much	single	those	time
generation	generations	just	lived	prefer	than	wish
before	guess	how	just	late	leave	most	much	really	someone	tell	them	too	us	we
about	amazing	away	because	care	ever	girl	give	hard	keep	lost	met	more	most	ones	satisfied	showing	such	them	time
able	all	been	gentle	go	had	her	him	his	left	life	loved	sad	soul	started	think	when	wish	wrong
elvis	get	him	jackson	michael	never	presley	sad	see	time	wish
always	awesome	be	been	favorite	greatest	loss	singer	what	will	world
16	always	amazing	but	had	him	listen	old	only	people	ve	years
alone	any	because	can	die	do	going	grew	hard	her	how	learned	little	loved	never	or	probably	relationship	say	show	them	things	told	up	whenever	woman
before	didn	get	little	maybe	meant	there	too	what
age	came	memory	movie	only	out	treasure	when	your	youth
attention	classic	life	lyrics	many	much	pay	very	why
feel	given	helps	inspirational	up	very	when
all	amazing	bass	brothers	but	don	forget	give	greatest	had	hear	man	motown	others	thanks	there	underrated	up	voices	were
age	at	had	his	legend	man	much	old	power	soul	such	vocal	what	years	young
17	as	at	by	davis	goes	maybe	now	old	only	school	son	steve	teacher	there	think	way	well	while	who	winwood	wrote
16	age	believe	but	good	hard	old	really	said	someone	there	years
blow	if	out	sing	tried	tune
black	come	got	if	natural	not	out	soul	thing
are	aren	band	now	or	popular	really	recognized	shame	songs	they	too
60	comments	had	idea	loved	no	read	singing	until	winwood	your
100	absolutely	gold	life	line	masterpiece	memories	pure	sound	talent	top
appreciated	beyond	few	his	invent	machine	now	people	please	realize	soulful	steve	teens	time	under	what	younger
1967	ago	from	long	nothing	now	nowadays	peace	there	think	time	touch	wow
always	best	better	case	first	from	get	give	on	only	point	rest	time	told	will	your
discover	fabulous	group	hear	not	often	share	such	thank	wow
22	60	age	ask	band	brought	daughter	enjoying	evening	here	movie	she	when	who
bad	but	favorite	heard	merle	never	then	too	version
about	before	family	his	home	man	past	sad	tells
14	am	first	grandma	now	only	still	thank	when
always	but	by	her	know	laura	name	sing	tommy
1960	as	do	hit	out	really	single	singles	stands
afterwords	but	get	happened	hit	lost	lovely	many	though	what	wonder
can	enjoy	nice	relax	what
friend	keeps	laura	name	on	singing
all	appreciate	can	out	shout	teens	tunes
brilliant	highlights	really	tragedy	well
17th	be	because	ever	favourite	happens	laura	name	such
as	but	compilation	laura	never	trailer	until	version	video
anymore	but	create	do	had	knowing	laura	maybe	not	people	sorrow	thing	who
better	can	crap	grew	hear	now	songs	sort	than	these	up	words
be	best	created	ever	forgotten	never	should
are	cases	finished	half	lyrics	only	others	some	video	wrong
1960	century	certainly	lady	much	not	she	very	video	vintage	young
any	day	days	do	good	made	make	nice	not	now	songs	such	they	what	words
all	bear	do	name	sad	seem	songs	why
about	are	be	entertainer	greatest	our	person	please	say	talking	thank	time	what	who
concert	greatest	history
gorgeous	heart	man	melt	would	your
but	called	good	had	how	king	known	rated	still	under	wish
can	delivery	face	from	high	his	how	last	much	notes	part	satisfied	see	sings	those	when
all	artist	away	blues	but	doubt	from	greatest	here	his	james	listened	make	may	maybe	most	no	nothing	said	statement	take	taylor	thing	three	time	times	tune	ve	version	when	white	written
awesome	be	coolest	elvis	ever	his	most	name	person	sung
be	best	could	ever	him	just	live	once	seen	there	will	wish
at	been	concert	elvis	enjoying	gone	had	over	ride	year
certainly	earth	gorgeous	him	his	however	just	left	lol	looking	now	over	right	soon	too
all	awesome	best	blues	but	by	do	doubt	genres	incredible	man	many	most	mr	no	not	only	presley	really	singer	singing	still	were	world
all	always	at	beginning	forever	how	king	know	looks	side	then	thinking	what	would
background	blues	elvis	hear	on	parody	period	playing
comfortable	definitely	down	his	low	most	style	think
bless	elvis	forever	friend	god	greatest	miss	now	then	we
angel	artist	died	earth	eyes	from	god	greatest	handsome	his	man	most	much	on	peace	rest	see	too	unique	why	young
be	did	masterpiece	minutes	never	or	over	perfect	studio	why	wonder	would
again	always	back	be	because	but	can	else	elvis	forever	gone	heard	its	keep	life	no	now	other	our	some	special	there	time	too	very	video	videos
be	can	cover	elvis	forget	key	look	making	never	on	played	tune	we	will	your
absolutely	all	are	band	bless	burton	elvis	entertainer	fantastic	forever	glen	god	greatest	heart	heaven	james	over	singer	time	vocalist	what	world
all	fantastic	greatest	performance	time	what
amazing	another	as	back	been	brilliant	but	call	come	do	get	his	how	liked	many	masterpiece	not	them	there	together	work	wrong	yet
biggest	elvis	handsome	history	hot	most	singer
by	close	come	elvis	entertainer	ever	god	greatest	here	man	no	peace	rest	see	sent	who	will	world
40	burton	elvis	from	james	must	old	over	years
all	always	are	be	compared	has	here	him	his	if	king	more	not	nothing	others	still	they	will	would
any	better	can	fantastic	favorites	get	gold	perfect	pure
backing	barry	but	from	good	john	made	orchestra	pop	really	records	singer	strings	superb	use	wasn	what
50s	60s	about	always	as	born	but	elvis	emotion	grew	heartfelt	late	more	orbison	roy	songs	sung	thank	they	thought	up	were
been	best	favorite	feeling	generation	his	if	known	on	performer	popularity	roy	solely	sure	talent	ve	were	would
50	60	from	no	songs	soul	there	today	unlike
bass	did	his	if	know	not	or	singer	talented
about	alone	being	bit	depressed	feeling	know	listened	lonely	not	now	right	roy	then
classic	enjoy	his	live	lonely	on	only	we	will	work
agree	big	completely	feelings	from	into	lyrics	nice	stuff	thanks
16	artists	daughter	good	her	knew	loves	never	old	on	orbison	right	rock	roll	she	until	what	year
16	age	begin	day	hope	kind	old	really	those	which	will	wonderful	wow	years
all	bless	don	fantastic	god	know	missed	ones	roy	singer	they	what	young
about	amazing	away	be	been	brings	by	december	eyes	first	his	home	january	ll	never	passed	rip	road	roy	start	tears	tour	town	truly	uk	way	when	would
all	at	be	both	die	door	down	family	house	looking	man	never	next	old	performer	person	roy	sir	their	will	wonderful	yes
always	classics	pleasure	stumble	upon
an	cherish	forever	forget	his	magnificent	man	never	orbison	roy	will	your
50s	60s	beat	early	has	late	period	totally	unique
all	awesome	had	his	own	range	style
him	invent	listen	live	machine	made	oh	please	time	want
100	agree	always	back	could	live	then	wished
ago	english	just	looked	minutes	now	up
ago	all	are	at	away	can	cry	dare	do	feelings	from	germany	listen	make	man	more	mum	passed	songs	then	there	totally	two	understand	very	when	years	your
any	doesn	folks	glad	has	hear	heart	hope	just	maybe	played	real	rock	roll	some	stuff	today	world	young
about	ago	album	always	an	as	baby	be	ended	find	know	ll	long	not	on	out	re	remember	sure	talking	think	through	will	years	your
actually	back	had	sing	when
country	now	wished
again	believe	country	god	hear	never	play	radio	real	rock	sucks	thank	they	today	true	we	will	youtube
by	country	ever	gold	hank	him	locklin	most	recorded	selling	single	songs	top
ain	classics	country	do	just	no	not	old	stuff	these
always	another	believe	delivery	do	had	legend	locklin	loved	on	such
25	anything	can	classic	country	ever	favorite	go	stand	today
dad	kind	mom	western
17	am	falling	old	school	years
about	dad	from	got	incredible	out	recordings	still	when
about	an	country	heard	hits	infomercial	jukebox	on	tv
amen	best	blessing	come	everyone	god	him	his	knows	many	really	who	years	yet
classic	country	did	hank	hits	many	thank	well
comment	ever	funniest	lmao	on	saw	youtube
has	just	let	liked	no	on	only	photo	post	ricky	shared	youtube
friend	girl	laura	nice	very	young
bad	hates	laura	mood	she	sing	sister	when
after	at	but	grandparents	least	means	named	not	quite	something	still	why
background	barely	listen	no	nowadays	words	wow
just	listening	old	songs	those
but	childhood	didn	friends	grandpa	serious	think
best	but	fogerty	has	john	still	think	version
first	gladys	heard	hearing	knights	time	version
are	could	get	john	listen	never	over	right	tired
all	favorites	much	sharing	thank	time
always	been	don	favorites	has	make	posting	shame	sure	thank	them	they	used	what
awesome	better	country	dies	get	just	never	old	really
behind	childhood	favorite	man	screen	sharing	thank
anybody	by	does	don	know	nice	on	piano	posting	thanks	video	way
enjoy	listening	old	posting	really	songs	thanks	wonderful
can	country	down	fans	good	keep	many	old	post	see	thanks	young
advice	again	am	back	once	real	replying	some	sound	time
at	best	country	hear	how	its	many	matter	no	pop	times
about	after	all	anyone	as	be	but	could	know	lyrics	make	married	think	true	will
but	locklin	only	opinion	too	version	well
don	here	make	nowadays	performance	rock	stars	they	used
27	country	don	good	people	real	taste
anymore	but	country	don	get	happened	isn	just	mean	some	today	what
days	do	don	hip	let	life	low	meaning	now	over	pop	rap	take	we	why
after	am	appreciate	ask	even	heart	listening	man	times	would
can	dance	daughter	old	only	she	years
am	best	better	englebert	feel	feeling	friend	hear	his	low	once	songs	when
could	last	someone	special	waltz	wish
also	could	forever	handsome	his	now	then	touching	what
artist	became	don	feelings	know	legend	star	start	then	true	where	who	wonderful
best	better	brilliant	come	course	don	englebert	much	sung	than	they	well
again	doc	fall	peace	what	would
can	change	old	songs
always	happy	make	nice
actually	age	describes	golden	how	melody	such
as	could	darling	didn	god	know	make
by	englebert	ever	most	only	songs	think
belongs	by	everyone	legend	loves	sang	true	who
at	dance	someday	wedding	would
after	any	compose	do	many	memorable	not	nowadays	songs	they	touching
around	brought	come	dancing	family	favorite	first	here	just	strickly	time
also	any	are	as	by	nice	passed	same	songs	still	time	whenever
any	can	genre	how	just	lover	not
10	11	amazing	amazingly	an	dance	feel	getting	just	lyrics	makes	much	on	sharing	such	superb	up	waltz
ago	always	come	concert	days	dream	few	his	see	true	very	what
always	been	best	his	life	part	singer	songs	they
be	ever	got	has	most	peace	romantic	songs	sweetest	wow
break	everyday	life	lonely	man	start	then	up	wake	without
1967	by	comes	course	from	into	melody	original	really	records	then	think	version
beauty	can	grandmother	his	loved	pure	understand	why
all	artist	favorite	grew	know	lyrics	mom	songs	still	these	up
14	family	favorite	from	hear	know	learn	old	our	when	yrs
ever	existed	has	magnificent	most	voices
all	are	artists	by	classic	found	generations	just	modern	out	some	songs	sung	these	today	were
could	make	more	songs	they	today	wish
forget	never	no	on	out	record	walked	when	wife	will
any	both	from	loved	ones	presence
appear	ever	forever	mankind	ones	songs	stay	those
age	always	called	describes	golden	loved	many	old	us	years
2019	classic	ever	happened	listening	romance	romantic	what
am	even	genre	listening	meaning	not	nowadays	still
arms	cause	day	hold	loving	make	no	till	ve
from	get	grew	listening	most	never	number	soulful	tired	up	voices	world
be	cloud	computing	lost	mans	never	songs	thanks	time	will
amazing	classic	thank	truly	uploading
again	break	don	everyday	if	not	try	up	wake	want
class	eurovision	its	just	re	recorded	should
at	can	days	looking	lyrics	old	power	sing	without
all	bless	care	family	god	good	got	lovely	sing	singer	take	them	too	wife	your
irreplaceable	untouchable	very
but	don	else	good	guys	just	know	off	please	someone	songs	talent	video
about	as	be	best	but	can	cruel	ended	ever	ironic	life	made	sing	singer	up	wish
as	its	lonely	man	not	without
are	beauty	broken	can	heart	only	real	those	understand	who
again	all	anymore	appreciate	are	between	clip	days	don	each	every	everyone	far	feedback	few	has	hi	just	left	make	memories	messages	read	thanks	them	these	they
class	crafted	musicians	performed	pop	real	underrated
big	can	harmonies	hear	intro	lovely	once	pop	proper	record	sing	tune
guy	happy	sings	tune	when
70s	best	class	come	ever	out	pop	songs	such	written
2019	30th	feel	happy	january	listening	make
1st	am	any	classics	germany	hey	message	on	our	play	thanks	these	time	weeks
comments	editing	make	posting	thanks	these	video	watching	worthwhile
almost	an	ignore	impossible	intoxicating	intro	naturally
can	etc	good	harmonies	heart	lyrics	out	sing	singers	your
be	classic	dance	hits	millions	really	should	soul	up
an	classic	ever	intro	masterpiece	match	never	will
1st	especially	every	grace	heard	her	just	lyrics	may	name	old	she	single	time	tune	written
always	as	follow	harmonies	just	little	made	number	uk	up	will
any	be	better	intro	nice	orchestration	ruins	singing	tune	without	would
compose	could	guys	most	those
don	if	something	there	wrong
appreciated	carolinas	only	really
by	dying	eh	heart	slowly	words
are	her	too	vocals	words
early	far	find	hope	learn	loss	some	sorry	sweet	too	your
50	60	80	can	hear	heaven	her	loved	proper	ruby	singers	still	thank	we	youtube
been	hit	should	usa
but	people	retarded	version
all	greatest	lady	singer	teresa	time
been	brewer	evening	fantastic	hill	lovely	mockingbird	nice	on	spend	talented	woman	would
50	are	be	brewer	early	hill	hits	interpretation	into	late	mary	missed	original	sad	sang	she	sing	some	something	still	teresa	today	up	wake	were	will	wrong
be	called	hill	if	mockingbird	place	there	would
america	anymore	found	icon	not	rip	singers
all	another	her	loved	recordings	songs	thank	wonderful
favorite	has	her	lady	listening	lovely	mind	peace
glad	likes	lol	not	now	only	something	think	used	who	wrong
again	miss	no	teresa	will
be	book	can	dynamite	little	miss	oldies	or	singers
gentle	loping	nice	sweetest	teresa	version	what
could	do	don	give	if	just	on	only	permission	remain	they	way	were	youtube
earth	ever	get	heaven	ll	nearest	on	we
almost	are	billy	earth	handsome	its	much	no	on	out	sings	too	world
any	billy	by	come	copy	eckstine	gras	has	mardi
sarah	their	unique	vaughan	voices	were
always	his	loved	what
don	get	gives	handsome	lovely	man	much	out	play	re	such	them	when	world
close	eyes	follow	just	listen	perfect	your
1954	another	as	billy	but	by	called	classic	eckstine	from	him	hit	no	single	timeless	top
could	handsome	heavenly	looks	man	met	wish
another	be	do	exquisite	him	justice	mans	never	no	posting	remarkable	thank	there	unique	will	words	would
posting	thank	what	wonderful
any	by	from	male	recordings	sinatraphile	singer	truly
billy	ever	fabulous	most	singer	underrated	what
any	from	history	knew	lived	magic	most	time	who
any	exquisite	know	mandolin	on	piece	played	who
anybody	better	ever	guy	than	there
be	but	him	his	no	should	what	wonderful	wow
blood	carlos	flesh	movie	played	thompson	tune	wonderful
difference	hearing	keep	noisy	romantic	true	tunes	we	what
11	17	18	baby	days	girl	nine	today
at	end	head	makes	musical	slap	what
all	be	became	before	crap	day	enough	listen	long	on	played	radio	rock	roll	used	we
as	be	good	naughty	pop	should
an	did	had	she	statement	town
12	am	its	only	scary
everyone	hear	lot	should
am	by	came	care	do	don	from	group	here	if	listen	message	not	or	they	when
away	breath	just	needs	says	son	takes	when	who	your
adult	back	be	brought	future	given	hands	human	into	names	new	scary	stupid	they	think	were	what	when	whose	world
always	baby	parents	told
all	an	baby	days	door	exactly	favorite	guy	has	him	listen	new	next	nine	old	time	told
can	cell	download	on	put	where
back	day	from	insinuations	just	lyric	no	real
50	boo	from	go	pop	pure	rock	roll	white
believe	can	dislike	new	still	there	when
could	days	different	lady	naughty	these	very	well
all	almost	couple	did	favorite	first	from	heard	her	lady	loved	lovely	met	often	play	rip	ruby	she	singer	still	such	time	times
15	17	about	best	came	died	friend	from	his	jimmy	name	out	scary	she	story	very	when	year
always	friend	goodbye	jimmy	sing	such	tell	when
because	channel	found	had	jerry	just	posted	said	songs	vale
ago	commented	didn	first	jerry	know	long	on	seems	time	vale	where	would	yes
dance	daughter	go	her	living	loves	old	room	says	she	sing	sway	we	weak	when	year
at	by	get	leave	on	up
after	apart	because	being	called	couple	fantastic	heaven	her	here	met	show	us	used	work	years
16	anyone	can	him	na	name	old	please	singers	some	type
did	english	first	go	heard	later	learn	lyrics	only	said	say	sway	thought	time	we	weak	when
an	disturbing	draw	imagination	just	life	need	old	partner	without	world
all	are	at	better	cases	few	language	lyrics	new	not	original	than	where
always	be	best	ever	more	only	singer	tech	us	we	will
am	are	bit	dancing	dean	down	favorite	feel	headphones	on	or	put	sad	we	what	when
many	new	out	versions	what	year
before	by	do	father	its	know	listened	loved	not	sang	sometimes	which	who
but	dean	martin	michael	original	prefer	really	version
bottle	can	carnations	champaign	come	heard	some
at	just	least	now	photo	thanks	tony	youtube
as	backing	being	dickie	didn	good	his	looking	need	singer	singers	such	true	valentine	well	who
new	performance	terrific
1958	big	couple	door	frankie	green	had	hits	original	sang	uk	vaughan	very
1958	called	certain	comment	dickie	elvis	find	frankie	from	further	guy	international	male	mr	now	presley	running	slot	some	taking	top	uk	valentine	vaughan	vocalist	years
best	billy	but	fury	isn	just	right	though	totally	version	way
billy	did	fury	know	not	predating	there	version
about	but	not	on	popular	uk	us	very
channel	discover	hello	its	much	on	pleasure	sharing	thank	video	your
break	enjoy	heart	how	never	now	songs	these	will
mans	not	stops	texting	when	whose	your
am	every	form	greetings	netherlands	play	time
but	done	not	original	release	well
actress	anyone	can	first	from	tell	video	who
be	fantastic	forgot	gorgeous	hello	never	she	will	woman
almost	bring	can	eyes	life	sad	she	tears
believe	crowd	end	first	had	movie	really	tragic
covered	if	listen	mean	world	would
best	course	ever	seen	video
60s	70s	all	amazing	an	anymore	be	been	brenda	but	ending	forever	forgotten	generation	god	happy	know	lee	much	never	new	not	or	real	she	sironaca	songs	still	thank	these	very	what	would	youtube
inverted	men	not	nowadays	once	real	time	upon	women	world
always	listening	will
as	because	better	enjoy	even	everyday	last	treat
departs	everything	fades	when
about	emotional	feel	her	lyrics	more	much
another	greatest	listen	oh	same	then	think
around	but	end	has	her	life	many	meaning	not	on	only	same	which	world
about	anything	are	can	done	everyone	help	here	know	lol	meaningful	might	no	not	outstanding	pay	person	put	say	single	time	together	wanted	what	who	work	your
all	brenda	could	day	lee	listen	not	singer	thanks	who	youtube
came	crap	felt	her	holy	just	next	on	right	serious
best	ever	on	seen	tube	video
actors	all	an	be	interesting	know	most	movies	see	them	those	would
how	many	people	relevant	wow
but	change	fans	here	just	lady	language	little	many	much	not	people	sironaca	thank	there	voices	way	we	without	wonderful
all	an	are	effect	enough	funny	had	has	hear	on	such	those	who
all	best	over	world
go	magic	only	sway	technique	we	weak	when
bless	dean	god	how	martin	may	much	soul	wonderful	your
at	dance	down	headphones	listening	platform	trying	up	waiting	walk
could	gold	man	only	pure	sing	who
can	everytime	hear	sound	starts
about	because	darkness	different	guess	how	light	people	sun	things	words
always	child	especially	fantastic	from	had	her	loved	she	songs	such	young
60s	70s	beauty	best	full	natural
am	appreciate	ever	good	green	much	on	sings	these	very	youtube
about	artist	at	but	by	clip	do	don	get	has	mean	movie	no	people	she	showing	singing	sings	stars	sung	then	there	two	what
been	during	how	lived	lol	mind	never	probably	remember	sometime	then	time	wish	would
big	can	every	girl	little	single	understand	word
heartbreak	makes	pain	sound	suckers
always	do	from	handsome	look	more	much	past	people	present	why
romantic	sad
at	better	but	davis	difference	feeling	good	her	least	made	makes	more	original	puts	seeing	she	skeeter	than	too	version	way	what
are	days	intelligent	later	more	pretty	women
best	ever	heard	version	wonderful
all	cherish	every	moment	reason	should	we
many	on	screen	silver	stars	thanks
again	although	down	everything	feels	good	hear	if	live	relationship	sad	says	some	takes	things	time	true	up	version	very	when	young
actors	brilliant	compilation	greatest	hard	her	pure	screen	silver	sironaca	work
able	add	age	all	be	being	but	by	can	could	credit	dean	didn	do	few	from	get	glen	golden	half	if	james	john	list	men	movie	name	nice	over	past	re	running	someone	stars	though	video	well	without	women	wonderful	would
if	let	would
are	at	has	life	meaning	most	people	point	some	their	things	think	understand	we	would
also	first	god	life	nothing	without
advance	anyone	comment	does	know	movies	pictures	please	thank	time
27	cause	feel	how	incredible	kind	living	makes	missing	never	out	released	time	ve
always	are	from	not	planet	thought
are	blessing	eternal	grace	hard	our	recognition	see	through	waiting	we	why	work
always	anything	could	doing	she	sing	sounded
did	know	not	personally	playing	singing	started	thanks	until
as	goodnight	listened	much	songs	thank	thankfully
gold	recommended	some	youtube
actress	an	anyone	background	clip	does	hand	his	know	man	name	over	photo	she
am	anything	be	broken	but	can	hearts	help	sorry	time	will
best	brenda	collection	hit	however	lee	little	otherwise	out	outstanding	place	real	seems	singers	world
be	if	names	nice	people	photos	posted	recognized	some	think	video	would
all	am	but	can	forgotten	hear	list	loved	not	rest	she	sorry	who	your
always	be	here	real	really	slides	some	stars	these	too	were	will
go	iconic	images	job	just	most	movies	perfect	seen	sironaca	special	these	they	ve	video	why
always	emotion	full	loving	person	singer	true	yes
at	don	emotion	entire	get	how	many	over	re	sing	singers	singing	they	use	vocal	young
at	came	could	experienced	out	really	time	wish
actresses	but	by	did	distinguish	gone	look	more	not	years
about	actress	anyone	can	close	does	face	half	her	know	on	see	thank	through	up	video	way	when	youtube
all	an	angel	anyone	by	dynamite	god	had	has	just	little	men	miss	no	peace	second	sent	she	some	us	voices	women
could	emotion	interpretation	lot	really	sing	woman	wow
angel	dreaming	human	slap	some	up	wake
face	fits	new	nice	pictures	put	story	tell	their	those	very	video	whole
around	end	listening	never	peter	sung	touching	when	will	world
be	can	feeling	from	glad	heart	her	just	leave	left	life	shared	she	us	we
moments	much	thank	these
absolutely	come	her	hit	lot	quite	sang	she	sorry	ve	version	very	which
are	arrangement	huge	images
all	best	brilliant	but	changes	even	everyone	feel	good	happened	heart	its	lost	makes	really	sad	still	things	thinking	will	wish
before	ever	had	hear	such	touching	wonderful	words
full	give	melancholy	songs	sorrow	these	use	what
as	come	does	feels	if	not	really	stops	time	times	when	world	yet
as	believe	can	could	dynamite	few	her	little	modern	perform	she	singer	superb	today	very
couples	heavenly	legends	many	overlapped	screen
again	hear	kind	melody	never	performance	unbelievable	will
all	always	anymore	at	barely	brenda	but	by	don	every	favorites	hit	home	just	lee	list	lyrics	make	or	sang	she	singer	songs	still	sure	them	these	they	think	time	were	will	younger
all	always	am	are	asking	bless	dear	friends	god	our	wherever
absolutely	amazing	an	brings	eyes	her	makes	see	songs	story	tears	what
apart	been	if	know	listen	ll	lyrics	many	meaningful	movie	people	powerful	really	understand	why
are	compared	garbage	lot	singers	todays	total
affair	are	by	ends	him	moment	separated	when	yes
about	am	between	fantastic	most	not	off	sure	very	video
50	brenda	emotion	feeling	full	heard	heaven	her	lady	listening	more	never	real	she	singer	sounds	than	tire	we	years
amazing	an	at	by	emotional	ever	much	thank	video	way	what
brilliant	choir	classic	ear	left	lovely	middle	million	perfect	piano	right	stereo	strings	such	thank	version
as	glorious	his	last	makes	stand
actress	an	fantastic	heard	never	she	woman
better	but	flows	opinion	original
almost	better	describe	every	nowadays	romantic	still	story	than	which
called	dynamite	her	lil	miss	only	shes	they	why
brenda	brings	by	davis	does	emotion	job	on	originally	same	skeeter	sung
cant	greats	more	she	today	we	why
anyone	at	certainly	does	film	fits	know	singer	star	superb	well	who
almost	be	best	every	female	her	rock	roll	version	vocal	will
40	anybody	at	can	cute	unforgettable	very	woman
amazing	an	at	child	comfortable	concert	from	had	her	presence	seemed	she	signature	special	vocalist
again	an	are	baby	but	come	don	doubt	era	ever	lovely	lyrics	not	ones	post	really	sadly	same	seem	shame	songs	there	they	time	today	will	yes	young
add	best	black	by	days	easily	effect	from	gone	her	hey	long	lovely	magic	sadder	too	version	white
all	audio	but	can	create	did	do	don	how	know	say	thank	video	what	wonderful
books	english	from	if	know	learn	messages
but	either	good	grandpa	not	send	wow
commercial	good	heard	hilarious	never	samsung	somehow	until	which
be	but	can	get	happy	how	just	listen	listening	makes	more	much	older	out	retarded	sound	wonder
as	can	his	how	man	morning	on	put	soon	up
as	funny	gets	how	jackson	legend	michael	on	played	radio	still	though
about	all	also	back	behind	but	crap	crowd	day	did	get	him	himself	history	how	knew	know	look	made	on	rest	sadly	some	tunes	we	which	wrote
all	are	days	glitter	into	not	over	people	probably	their	these	world
be	don	gang	leader	lol	much	thank	very	want	your
about	an	are	got	honest	just	liking	re	rest	they	us	when
always	care	don	done	has	remains	same	what	will
are	can	committed	crime	discussing	enjoy	not	people	sick	who	without
god	instruments	more	parents	thank	used	wish	wow
all	any	as	being	but	cool	do	don	few	find	good	has	made	meaningful	nice	not	nowadays	performed	rhythm	something	sort	those	times	tunes	what
best	black	brothers	could	did	group	how	just	life	living	man	many	moving	people	perform	shows	sing	stay	talent	tavares	your
amazingly	classic	from	gorgeous	heard	thank	titans
certain	every	from	hear	scene	supernatural	think	time
all	can	car	from	listening	now	see	star	titans	up
am	from	heard	india	kind	series	songs	titans
can	fade	out	taking	then
around	good	here	mom	playing	real	right	sharing	thanks
be	best	ever	got	has	heard	structured	ve
are	curious	how	know	living	many	members	now	original	still	tavares
bought	happy	here	supernatural	yeah
all	angel	around	creation	foundation	know	our	reason	us	we
best	dance	dancing	disco	era
after	an	angel	around	at	be	couples	dancing	disco	even	gorgeous	happy	heaven	imagination	lot	missing	most	must	night	on	only	or	out	romantic	say	see	though	up	version	would
all	get	good	handsome	how	look	over	sound	still	they	were
age	classic	golden	listening	pleasure	priceless	real
band	college	drum	excellent	heard	line	perform	show	what
18	am	but	can	days	die	here	honestly	kind	listen	lol	masterpiece	never	why	will
gold	matter	no	remain	timeless	what	will
comment	eyes	future	here	leave	ll	see	tears
are	crying	eyes	her	killing	lyrics	tears
always	earth	heaven	on	out	shine	shined	sing	ya
2019	better	born	much	others	songs	than	time	today	wish
falling	listen	much	rain	too	when
dream	good	heard	just	played	way
can	cry	hold	legends	makes	myself	these
10	about	at	came	just	know	least	nice	played	times
better	classic	even	get	gets	listen	never	old	perfect	songs	their	time
being	can	more	morning	natural	on	pure	singers	singing	sounds	talent	today	too	type	unlike	up	wake	what	whose
expensive	her	iconized	something
20	am	are	better	born	but	father	found	from	heard	old	songs	than	while	year
as	each	how	notes	quality	she	should	sound
all	amazing	at	be	born	those	time	wish	would	year
as	comments	could	hey	move	out	please	sort	texting	thank	way	youtube
but	can	clear	english	every	hear	her	karen	mother	not	nowadays	sings	tongue	understand	very	when	which	word
breaking	can	cry	get	heart	her	make	part	really	they	when	where
bit	cry	little	makes	mean	not	really	sad	why
am	appreciate	at	could	english	find	first	happy	looking	lyric	really	spend	time	understand	without
bless	comment	day	family	god	may	read	those	who	wonderful	your
15	am	at	been	crying	damn	do	feel	girl	just	kinds	know	life	likes	not	old	reincarnated	songs	these	who	why
60s	backing	born	don	enjoy	know	oh	old	sometimes	songs	these	those	vocals	why	wish
butter	cant	describe	honey	over	running	still
comes	every	feeling	get	happiness	hear	on	smile	their	time
about	an	as	back	but	era	form	funny	generations	grandparents	its	listened	listeners	look	many	on	parents	sad	say	songs	their	them	they	think	today	true	what	will	youth
because	choir	glad	head	learn	lol	stuck
close	different	eyes	heart	only	still	yesterday
loved	ones	only	remains	world
but	daughter	good	has	her	likes	listen	make	sad	she	think
all	art	artists	brilliant	given	millions	over	people	piece	pleasure	time	vocal	what	who	world
clear	die	from	karen	nice	still	unique	world	young
be	goes	life	memory	on	still	will
about	all	became	cause	day	favourite	friends	go	heard	him	his	home	knowing	name	out	talking	thanks	today	without
all	always	am	be	been	before	biggest	by	effortless	far	favorite	go	had	her	karen	on	own	pure	recordings	singer	singing	time	use	what	will
after	born	but	clearly	creation	credit	even	gift	given	her	him	iconic	learned	much	not	responsible	singing	style	their	these	two	watching	were
down	ever	female	greatest	hands	heard
all	days	nonsense	not	now	timeless	what
but	cruel	darkness	life	never	short	surrender	will	world
70s	amazing	bad	best	ever	out	pop	pretty	rock	slot	stupid	think	we	were	written
30	another	as	at	believe	best	but	can	credit	deserved	emotion	emotions	ever	feeling	female	go	got	guess	hits	if	imagine	into	know	many	much	musicians	never	out	passed	people	personally	probably	put	really	richard	said	sang	she	some	songs	their	there	those	through	times	very	well	what	when	years
all	day	its	listen	makes	really	time	too	wonderful
artist	break	can	forever	kind	live	no	today	will
an	attention	be	been	bring	even	foundation	had	her	if	its	life	lost	name	needs	no	not	passed	question	she	should	singer	soon	such	there	these	today	too	tragedy	two	way	would
but	course	drum	famous	god	her	oh	on	singing	track	work	world
any	appreciated	be	can	did	first	listen	may	movie	or	where	would
anyone	got	more	please	share	similar	songs
already	by	dare	don	even	into	just	listening	tears	video	watching
an	friend	good	mean	old	really	she	sounds
all	at	before	better	car	door	drive	movie	movies	on	play	sounds	than	their	they	we	would
asleep	crying	fell	little	play	she	sister	started
be	brings	ever	hear	her	how	if	ironic	lovely	most	must	not	she	sing	such	tears	voices	when
2019	always	likes	listens	mom	much	she	sings	still	very	who
always	amazing	an	attention	bless	crap	draw	garbage	god	karen	live	on	others	she	such	themselves	who	will	without	world
ages	can	describe	emotion	feeling	more	no	perfection	smooth
could	how	if	just	seen	she
can	eyes	few	had	her	others	she	tears	touches	way
about	evergreen	everything	good	how	moving	musics	rip	world
album	always	anyone	as	bought	but	can	dad	don	early	far	go	had	her	lot	loved	mother	really	she	single	singles	such	their	then	think	touch	vocals
am	an	are	eyes	here	listening	now	put	running	these	who
future	good	hope	look	many	memories	more	thank	your
admit	but	days	generation	grew	ll	more	part	songs	than	these	up	wasn
all	did	her	however	out	put	she	soul	they	very	wish	would
because	grandparents	hanging	kind	out	parents	songs	why
alone	better	happened	her	hip	our	put	rap	than	today	together	what
any	can	cover	feedback	give	hope	made	much	on	thank
bankrupt	brother	did	her	hope	lived	not	off	problem	see
1st	70	after	am	background	comma	half	just	melody	name	only	piano	says	she	sings	still	what	who
all	disliked	don	people	taste	who
be	classic	forever	heart	people	truly	will
be	has	hear	her	its	know	never	once	she	totally	unique
gave	lyrics	some	songs	speak	team	themselves	they	us	were	wonderful
can	clear	crystal	else	her	melancholy	no	recreate	remarkable
change	hear	heard	her	just	key	made	recorded	ride	they	those	what
best	dear	friend	nice	weekend	wishes	wonderful
anyone	at	laugh	liking	makes	not	thought
always	artist	beautifully	best	can	fantastic	female	find	lyrics	match	written
absolutely	all	an	down	her	loss	singing	still	us
disturbing	era	good	heart	just	made	masterpiece	more	now	state	than	things	when	world
about	always	at	be	come	day	do	don	good	had	know	knows	night	same	say	thing	thought	want	what	why	work
ever	industry	loss	most	tragic	unique	voices
drums	era	fantastic	heartfelt	her	lost	only	play	pretty	problem	sadly	say	she	soulful	wanted	who
about	how	know	meta	realized	singing	something	think
age	birth	death	old	perception	sorrow	suffering
almost	came	completely	got	here	only	preserve	thank
100	are	around	bankrupt	be	being	business	but	carlos	comes	company	could	fall	friend	further	get	go	goes	king	not	nothing	peter	share	than	those	what	why	will
age	at	be	god	her	left	sad	singer	such	talented	us	young
anymore	don	make	singers	they	timeless	truly	wonder
another	behind	clear	damn	effortless	ended	enjoy	good	her	karen	left	listening	lot	rip	sad	seemed	she	sing	soon	too	way	woman
able	all	been	brother	but	by	crafted	credit	do	enough	gets	has	her	not	richard	shame	songs	soon	their	think	too	were	what
amazing	an	before	but	sad	soul	still	time	touches	what
anymore	as	bad	childhood	good	no	such	there	thing	too	very
bought	carefully	daughter	find	got	has	her	here	if	listened	low	out	part	quality	real	singing	sound	those	where	words
close	feeling	five	happy	how	into	matter	no	seconds	tears
body	every	her	melodious	no	she	sings	sweeter	than
died	everytime	eyes	hear	lose	man	she	start	such	up	what	when
asking	boot	car	class	even	fresh	into	long	make	off	on	sing	thank	well
america	another	comment	its	nam	not	on	play	played	radio	sad	saw	still	they	video	viet
am	being	better	but	can	could	couldn	depressed	done	everything	from	got	help	just	know	listen	more	nothing	sad	sadder	wished	yourself
30	by	ending	last	listening	minutes	reading	sad	straight	while
good	latina	mixed	or	pretty	race	she	singer	very
90s	child	house	incredible	just	she	sounds	too	track	wow
although	come	girl	has	lol	moan	she	think
2019	disco	don	even	fresh	hear	house	often	on	shows	sounds	timeless
14	as	back	but	end	good	guess	hair	her	just	only	same	shape	she	then	times	wow
as	black	either	fantastic	first	girl	has	heard	mixed	race	she	singing	thought	way	when
1980	90s	always	been	but	by	dead	disco	from	has	lived	only	sad	short	there	totally	very	why
as	but	especially	feel	feeling	low	making	much	track	tune
age	at	doing	done	dream	lot	nice	now	only	people	she	such	well	what	where	wonder	young
25	age	all	anyone	are	been	before	business	but	could	couldn	dance	do	had	hair	heart	her	just	know	million	never	no	oh	other	people	popular	presence	seen	she	show	there	they	things	think	wasn	who	why	wish
also	beyond	her	there	years	yet
after	also	are	band	because	being	but	did	don	enough	full	got	hits	knew	know	lived	long	made	many	maybe	never	not	or	people	popular	problem	rated	really	say	see	stay	their	these	they	time	together	underrated	understand	we	were	years	yes
another	beauty	been	black	blow	call	channel	day	didn	english	few	good	his	into	laugh	more	never	nice	playing	real	songs	super	their	they	thing	though	tire	tony	were	what	wish	would
about	another	as	be	beatles	but	clearly	could	harmonies	history	match	no	part	same	took	vocal
about	are	around	end	ever	go	guys	heard	hey	how	if	into	kinds	laugh	looking	looks	often	these	things	think	wondered	yes
at	band	being	crazy	everyone	going	guys	if	laugh	playing	told	would
1966	always	anybody	been	before	beginning	both	but	came	can	else	first	heard	hearing	hey	if	just	know	melody	memories	might	more	other	parallel	see	seems	songs	they	think	ve	when	where	who	wrote
any	attention	before	but	course	good	heard	never	really	ve
actually	but	come	could	from	future	good	his	next	not	pretty	series	shape	start	things	tried	where	would	wrong	wrote	years
about	at	band	commented	heard	kid	never	sad	she	them	tune	very	what	yesterday
bad	band	camera	deserved	did	especially	face	instruments	members	not	other	played	recognition	since	singer	they	too	video
14	agree	are	can	good	grew	if	matter	no	or	person	some	up	we	who
all	anyone	be	brilliant	come	compare	from	future	guys	may	now	out	than	there	these	tomorrow	we	were	without
already	are	fans	few	has	making	mind	not	only	or	sure	tell	themselves	there	think	time	two	will	write
afraid	as	be	but	can	give	here	looks	may	not	right	straight
80s	always	anybody	as	beatles	but	can	else	elvis	getting	here	into	just	likes	listening	many	old	once	really	saw	started	stop	them	they	thing	too	tunes	type
actually	admit	away	been	before	by	first	his	how	listened	long	really	singing	time	took
by	could	doc	doesn	dream	every	get	girl	heart	how	if	make	might	need	puts	race	seen	single	state	then	wish	your
after	all	anyone	apparently	at	back	be	birth	died	dude	end	go	gospel	him	his	late	named	seen	singer	tomorrow	true	we	will
be	best	gives	honest	just	nowadays	old	songs	were
about	agree	be	because	can	crap	elvis	gang	garbage	go	gonna	here	if	king	know	let	magnificent	new	no	not	or	people	person	please	right	seriously	sounds	think	today	wait	what
at	beach	dance	dream	get	listen	partner	such	wanna	when
4th	best	did	know	selling	single	worldwide
about	always	because	born	comment	generation	kids	listen	listening	old	on	ones	only	re	they	thing	think	wrong	youtube
are	artists	century	come	do	guys	listening	most	special	sure	want	when	wow	your
better	carefully	god	if	kind	listen	now	story	tells	than	thank	way
best	brought	ever	glad	guy	hearts	king	lived	on	our	still	up
but	from	more	mother	much	must	original	say	speak	than	think	tongue	version
17	50s	60s	age	all	as	at	been	come	compared	currently	from	group	has	here	however	isn	listen	modern	more	much	never	or	others	past	people	pretty	some	taste	they	what
2019	80s	am	another	as	just	similar	still	sure	will	year
creation	evergreen	melodious	much	romantic	sweet	thank	very	wonderful
don	get	good	how	just	lyrics	many	matter	no	same	times	tired
all	anymore	are	at	be	behind	being	but	came	can	crazy	don	everytime	got	heart	here	if	look	made	more	night	person	running	see	seen	star	stop	there	up	ve	what	when	yes
almost	change	feeling	gonna	got	if	months	read	remember	were	will
15	22	are	boyfriend	day	first	him	husband	last	loved	old	send	since	together	valentine	we	years
aren	from	give	heart	just	life	now	songs	their	they	today	true	what	where	will	written	wrong
all	down	gave	know	most	person	really	romantic	songs	time	want	what	who	wrong
about	anymore	appreciated	as	be	because	but	change	don	era	especially	ever	going	her	if	just	may	might	not	nothing	otherwise	still	thought	track	true	very	without
anyone	beach	california	cool	good	lady	late	on	romantic	shirt	summer	think	walk	white
all	her	how	lady	much	say	says	true	when
do	fantastic	little	new	should	someone	version
about	are	days	gone	nothing	people	real	sing	they	today	when
by	if	light	makes	more	most	something	taylor	video	wonder	wrong	years
about	are	away	best	breath	certain	gave	him	his	just	man	mind	on	takes	thinking	tight
back	been	getting	looked	lot	much	must	now	then	ve
at	changes	got	his	know	look	man	on	shirt	three	times
1980	be	certainly	focus	not	soft	sure	we	where	without	would
80s	about	during	especially	just	not	perfect	they	were	what
believe	best	matter	missing	no	real	we	what	world	year
being	call	called	evergreen	got	has	just	life	moment	not	people	priceless	thing	what
am	bad	believe	change	crying	do	feel	god	going	how	makes	not	nothing	now	someone	they	think
best	everytime	favorite	forever	hear	heart	no	question	radio	touch	when	wow
am	an	been	born	era	feel	kids	lucky	make	now	nowadays	play	really	songs	them	these	they
bad	change	ever	gonna	how	if	know	ll	lol	never	nothing	now	since	sings	teacher	wonder
been	boy	could	dude	feel	had	huge	movie	natural	not	on	romantic	screen	seemed	side	soft	star	typical	ve
18	about	ago	all	change	ever	feeling	gonna	its	lovely	loving	married	nothing	same	says	still	truly	wife	years
add	ago	all	an	by	couple	didn	find	had	honest	idea	innocence	kid	may	no	out	seems	sung	these	until	weeks	years
as	been	better	called	emotion	feelings	glen	good	had	hit	if	now	pretty	sang	some	still	than	these	tune	wonder
attention	create	heart	how	listening	live
although	ever	lol	not	probably	screen	seen	ve	video
almost	but	cute	go	guess	guy	handsome	his	looked	looks	middle	more	naturally	now	preserve	re	sad	should	still	though	typical	ve	when	wish	young
ages	anymore	can	day	we	what	why	wrong
80	90	born	came	even	from	out	really	though	wasn	when	yet
again	be	believe	but	can	face	feel	first	god	hard	heart	him	his	its	just	lost	may	melts	much	never	send	stars	stop	sweet	thank	think	thinking	thought	time	too	ve	very	wait	walker	wanna	way	world
as	be	can	first	go	good	guys	if	listen	ll	make	stop
day	kind	listening	make	real	up
an	as	best	college	cool	curious	era	from	full	hi	himself	mr	now	on	ones	pop	pretty	romantic	school	songs
about	are	behind	better	etc	from	gonna	her	how	modern	much	other	songs	take	think
about	actually	all	days	its	looks	meant	something	these	videos
at	but	cry	do	everytime	funny	girlfriend	hope	its	makes	not	sad	same	time
can	find	innocent	kind	these	video	where
all	beat	classic	excellent	its	just	romantic	time
easy	exactly	hear	innocent	just	right	says	simple	what	woman
are	as	at	country	currently	going	has	husband	just	meaningful	out	present	real	sent	tears	through	time	who	words
here	live	not	quite	record	singing	sounds
ain	always	amen	anymore	best	gonna	loved	much	peace	performance	rest	says	scott	shine	sun	talent	thank	what
about	are	background	but	definitely	live	not	on	performed	sure	vocals
awesome	be	limitlessly	parallel	reincarnated	universe	want	where
after	another	at	beginning	cause	come	dead	door	dream	has	idea	light	loving	lucky	make	mean	move	our	really	rest	room	says	second	seeing	should	special	still	sure	true	wait	way
as	good	group	hear	live	nice	sounds	studio	version	well
be	better	brothers	did	frankie	hear	mind	must	only	original	than	think	thinks	too	valli	version	walker	when	who	yes
am	better	did	four	much	only	seasons	thinks	too	version	who
again	apparently	came	do	hear	heard	loved	myself	need	on	out	still	supernatural	thought	when
all	am	any	anymore	gets	gonna	his	looking	lose	man	son	way	wife
arms	can	come	easily	even	hair	how	interesting	means	now	on	scott	see	technology	todays	vintage	we
60	again	along	brothers	case	comes	didn	had	jim	live	mary	on	original	re	realize	recording	show	singing	such	technology	thanks	they	tube	where
50	60	70	artists	back	band	be	didn	do	easy	even	get	making	need	only	sound	studio	technique	they	up	used	very	whenever
bass	but	cool	did	easy	excellent	four	going	has	line	lose	lyric	miss	more	much	no	nothing	on	out	piano	place	re	really	seasons	start	stuff	there	what
further	guys	made	nice	real	should	sound	theme	these	voices
1966	20	ain	also	anymore	aren	at	beatles	been	brothers	but	country	did	especially	fan	gonna	high	hit	most	new	number	people	popularity	said	scott	shine	sun	than	their	uk	vocalist	walker	well	which
1966	2019	as	brothers	but	by	december	do	does	frankie	just	justice	more	not	on	originally	recorded	released	single	valli	walker	when
11	19	29	day	end	here	keep	listening	on	powerful	time	timeless	until	we	will
beyond	eternal	had	idea	no	their	theme	they	time
am	away	but	else	father	got	has	here	its	just	listening	morning	passed	shine	somehow	sun	sure	thinking	track	who	will
50	80	about	agree	ain	all	alone	anymore	as	being	best	but	can	company	favorite	funny	garbage	gonna	good	has	made	most	mr	out	put	shine	songs	stand	stands	sun	their	there	today	very	walker
america	an	as	band	britain	brothers	did	famous	history	made	may	not	righteous	than	they	walker
always	an	are	because	both	brothers	masterpiece	much	outstanding	probably	reason	righteous	some	sound	sung	they	unforgettable	walker	what	wow
2019	again	do	every	four	listening	listens	loving	or	second	should	singing	three
ever	gonna	head	ones	rings	shine	sun
60	ago	couple	day	era	every	fantastic	from	instruments	into	listen	lyrics	missed	now	posting	somehow	thanks	video	voices	weeks
10	doomsday	ever	favorite	just	knowing	songs	these
has	his	listen	male	no	sad	sounds	today	vocalist	way
definitely	even	five	loved	many	more	never	think	tire	today	top	years
bad	create	didn	enjoy	forever	greatest	history	more	musical	they	too	us	voices
break	crazy	easy	had	meaning	not	on	real	some	songs	take	these	up	what	yourself
all	be	day	dead	forever	from	generation	get	glorious	god	listen	musicians	our	shared	up	us	wake	we	will
60	back	beautifully	classic	crafted	era	given	many	moving	recording	songs	sound	them	then	there	those	way	were	what
about	all	artists	can	generation	new	nowadays	sing	sucks	they	today	touching	write
about	better	each	got	just	listened	million	perfect	time	times
19	60s	amazing	away	drummer	fantastic	format	headphones	hearing	its	magnificent	mind	much	never	off	our	record	some	stereo	thank	try	uk	your
best	day	died	download	era	had	has	no	not	own	shined	since	sound	sun	their	they	up	yet
always	been	by	company	create	more	orchestra	record	version	vocals	wish	would
an	camera	clip	day	its	performance	singers	what	work
brilliant	but	from	good	look	mind	no	not	once	really	seen	sound	such	tight	way	wish
feeling	has	hear	here	innocence	its	kinds	life	little	original	pure	songs	such	these	vocals
again	all	any	arrangement	because	better	compare	doesn	every	favorite	few	get	hear	ll	never	past	perfect	songs	super	than	those	time	today	way
60s	brilliant	by	full	given	melancholy	mid	pop	scott
before	going	here	out	pretty	ricky	thank	they	were
am	as	bass	bottom	but	does	here	home	no	not	now	only	tell	well
80	90	back	bass	can	classics	early	era	from	had	honestly	many	mid	on	out	say	south	those	through	whole
agree	all	an	any	anything	are	as	ask	be	every	family	fits	generation	greatest	hey	if	let	listen	much	no	now	other	out	play	same	seemed	tell	thank	them	there	time	type	will	ya
beat	has	know	lost	made	na	need	not	or	want	were	what
all	because	but	called	felt	how	men	now	our	soft	told	try	we	when	where	why	women	your
ago	be	been	bit	but	come	could	do	few	if	little	lot	months	more	next	only	see	solely	we	week	weeks	would
age	as	can	classic	comments	don	exactly	from	just	life	may	means	more	much	no	other	others	say	than	their	there	they	tomorrow	twice	will
age	all	at	by	can	dudes	had	imagine	leo	listen	man	many	more	natural	not	on	only	passed	pop	radio	songs	such	talent	them	then	today	would	written	young
amazing	era	just	no	not	real	really	something	special	there	those	yet
end	happens	just	much	paint	pretty	too	up	what	when
after	all	amazing	came	cute	grandma	guy	has	here	listening	singer	smile	sweet	we	yes
after	dog	her	here	lady	myself	people	powerful	seeing	singing	such	sweet	unbelievable	video
after	came	can	chihuahua	dog	ever	her	here	intelligent	listening	loving	mix	more	most	say	she	singing	than	too
different	find	first	format	prefer	seen	time	ve	video
able	as	be	beauty	bottom	from	heart	how	message	much	never	today	tomorrow	twice	what	will	word
advance	been	goes	hard	months	off	or	remember	same	similar	something	starts	thanks	there	trying	ve	way
boyfriend	can	future	him	if	more	say	sing	tell	than	would
as	could	hear	man	over	sing	special	way	young
after	came	did	girl	girlfriend	happened	her	his	marry	new	real	then	what	wonder
all	am	another	around	dance	days	feels	guy	just	look	lot	those	today	way	were	when	who
are	at	clear	drive	good	late	night	relaxed	tune	when
be	california	car	desert	golden	imagine	listening	moment	through	would
are	but	dear	film	permission	re	really	short	sir	too	use	want
but	by	forget	gives	leo	life	many	memorable	never	not	singer	singing	will
always	as	boot	good	his	looking	talented	very	well
80s	any	are	classics	early	era	get	huge	many	more	other	pop	radio	songs	still	than	them
70	80	about	art	care	day	generation	good	if	musics	part	they	true	were	wish
before	bit	breath	came	every	from	more	out	sounds	take	than	what
am	another	cry	do	guy	just	make	mean
else	gift	giving	goes	how	keeps	know	on	someone	they	will
can	dance	dancing	friends	if	keep	mind	on	your
another	elvis	guy	just	no	original	singer	thought
are	by	certainly	dancing	does	feel	himself	leo	listeners	make	not	video
crazy	fell	full	just	singing	sometime	sorrow	tears
afro	background	be	down	entire	hot	how	no	on	reason	seriously	some	video	would
40	an	brought	daddy	film	here	home	just	myself	only	sweet	thought	vintage	yeah	years
80	adult	away	by	can	couple	from	golden	later	made	melody	message	oldies	only	or	orchestration	other	outstanding	simple	songs
as	be	countrify	course	day	may	never	nice	they	version	will
at	could	dislike	don	hits	home	how	right	someone	such	understand
better	excellent	far	lyrics	modern	more	on	real	singers	singing	than	versions	which
class	family	fan	future	good	happiness	life	light	much	musical	nice	real	rock	sing	soft	thank	time	too	very	young
age	are	big	come	currently	dudes	every	girl	guy	hair	if	international	mean	no	not	on	pretty	range	sing	them	want	would
as	doing	giving	making	out	pictures	them
absolutely	all	favorites	hearing	never	time	tire	will
but	heart	his	isn	really	some	songs
1980	about	all	around	as	brother	favorites	gonna	good	has	him	let	look	really	sort	tell	though	use
as	at	but	care	funny	guy	kids	least	leo	most	nice	not	others	out	people	really	sick	singing	started	thinks	would
as	but	don	going	got	him	know	on	or	richard	seeing	thing	video	well	who	would
afraid	feel	him	how	really	sad	someone	such	tell	when	your
age	am	comes	dear	friend	glad	important	not	think	time	when
