an	angel	beautiful	ever	forgotten	him	his	kid	listened	never	singing	still	voice
17	age	always	around	at	but	early	find	forgot	gentle	graduated	great	grew	grow	had	have	his	how	is	jesus	job	just	leave	like	little	loving	most	mr	never	no	people	reeves	simple	songs	sounds	sweet	they	think	town	up	voice	were	who	with
everyday	him	his	listening	mum	played	reminds	songs	who
appreciate	as	because	child	cry	death	every	got	heard	jim	many	now	over	reeves	reminded	rip	still	touches	used	voice	your
70	but	dad	didn	do	how	jim	listening	loved	reeves	teenager	then	things
71	also	am	childhood	comes	feeling	have	he	his	jim	listened	music	nostalgic	now	reeves	since	tunes	with
18	1966	47	67	able	an	as	both	but	came	cry	down	driver	girlfriend	hear	her	high	into	june	just	laid	later	like	loved	make	married	marry	might	months	not	old	our	out	rpg	school	senior	still	texas	took	up	we	wedding	with	year
also	at	before	concert	death	few	he	his	jim	june	length	only	rare	shop	up	weeks
47	am	are	be	can	god	grew	heart	his	its	jim	lord	many	one	only	our	places	praise	praises	reeves	seen	some	songs	sure	up	well	words
grew	is	jim	lane	listening	memory	reeves	up
1970	but	cry	dance	every	grandfather	grandparents	had	hear	hearing	jukebox	makes	one	used	with	wonderful
childhood	from	gentleman	jim	our	parents	played	player	record	tune	tunes
album	away	can	childhood	from	happy	him	jim	listening	many	now	old	reeves
60	early	england	fantastic	great	jim	john	listened	lot	reeves	singer	takes	voice	wonderful
1966	always	coming	he	heart	remember	up	young
as	brings	father	favorite	great	his	jim	kid	listening	lps	played	player	record	reeves	voice
1966	born	by	everyone	from	great	loved	missed	one	singer	well
hear	many
days	good	old	remembering
brings	children	listening	lot	loved	music	parents	played	they	too	we	were
bring	childhood	fond	from	jim	listening	miss	mom	momma	oldies	over	remember	such	these
dad	had	him	how	if	miss	much	only	reminds	would
away	beautiful	dad	dance	get	goosebumps	has	little	mom	passed	play	reminds	used	with
as	be	beautiful	being	child	from	grandparents	great	house	jim	listening	made	piece	played	remember	rose	small	songs	sound	such	these	today	voice	well	with	wood
away	be	both	boy	can	dad	each	everytime	favorite	god	hear	her	late	miss	mom	played	radio	remember	still	too	way	with	young
59	almost	brings	but	country	crash	death	favorite	forever	great	his	jim	live	music	one	plane	reeves	shattered	singers	what	will	world
always	army	came	childhood	home	jim	join	left	make	miss	mum	now	one	our	out	piece	play	played	player	record	reeves	reminds	she	sure	them	they	till	told	wore	would
all	amazing	country	get	loved	mum	never	one	over	remind	still	thinking	we	were	while	will
ago	at	boy	brings	dad	drinks	ever	few	had	he	house	jim	live	long	only	party	reeves	sing	we	would
all	always	be	but	captured	childhood	died	everyone	favourite	happy	have	jim	last	much	mum	now	sadly	shares	she	spent	such	thank	who	will
10	about	after	away	came	crash	died	disc	he	if	just	mr	old	out	over	passed	plane	reeves	remember	said
30	47	am	as	australia	away	beautiful	blue	caught	child	dad	from	have	heard	hearing	husband	just	not	out	sing	started	straight	sung	western	words
are	asked	beautiful	both	but	father	going	gone	he	her	him	into	law	loved	loving	mary	miss	mother	much	name	people	them	they	were	world
always	but	days	gentleman	have	is	jim	loved	mary	name	remember	those	too	well	young
give	great	had	he	his	kid	listening	loved	more	much	music	soon	taken	too	voice
ago	awesome	bless	distant	drums	from	god	have	his	jim	listened	many	since	singer	songs	teens
always	reminds	rock
all	brings	great	her	little	mom	played
2006	always	away	brings	cry	favorite	good	grandmother	he	hearing	her	him	his	listened	makes	many	music	passed	quite	september	she	since	singer	thinking	want	with
happy	parents	reminds	times
60s	70s	again	all	big	bring	could	dad	does	early	every	fix	go	gosh	hank	jim	jimmy	jones	late	morning	nearly	one	or	put	reeves	sausage	some	sunday	us	wish	would
always	granddad	jim	johnny	liked	listening	reeves	reminds	who
again	beautifully	during	enough	era	great	how	is	kind	know	knowing	live	lucky	makes	music	never	real	record	remember	sad	see	smile	very	we	well	will	written
beautiful	childhood	loved	takes	track	very
all	an	around	at	awesome	down	face	good	had	how	lane	live	long	many	memory	much	music	other	thank	then	trip	we	where	wonderful
classic	days	do	is	miss	much	still	sure	there	those	throw
31	always	beautiful	been	brings	god	is	months	no	passed	rip	since	sing	use	will	yrs
1974	always	at	brilliant	last	remind	school	year
fell	gosh	just	loved	oh	still	sweet	then	tune	youth
70	94	classic	gold	great	listening	phoenix	posting	remember	show	thanks	weekend
all	beautiful	day	first	great	heard	most	remember	thought
best	brings	lady	north	some	special	sunset	watching	with
after	attention	because	broke	growing	guy	heart	ladies	other	reconnected	remember	she	turned	up	we	young
1990	after	again	always	am	are	at	beatles	broke	but	came	did	elvis	eyes	get	good	just	like	listening	loved	lump	not	out	people	play	radio	still	together	we	wife	work	young	your	youtube
are	at	elvis	everytime	funeral	grandma	head	her	listen	loved	many	music	played	really	there	we
life	reminds
everything	great	hear	imagine	life	live	lyrics	music	reminds	side
10	beautiful	been	broke	ever	have	heart	her	later	loving	more	most	reminds	ruined	should	with	woman	wonderful
along	am	amazing	are	both	but	can	dad	deep	give	glad	had	have	he	how	lap	life	loved	mary	miss	most	much	mum	remember	sat	singing	still	sung	thank	them	they	together	up	very	voice	while
days	great	happy	reminded	usa	which	youthful
could	everytime	golden	growing	hear	heard	makes	nostalgic	up
11	all	around	aunt	came	died	elvis	family	go	had	into	kitchen	old	remember	standing	too	tv	watching	with
as	child	how	miss	mum	reminds	rip	sing	sweet	used
all	brings	eyes	his	many	songs	tears
45	67	alive	bought	came	favorite	have	is	mom	motown	out	record	sound	still	then	well
19	brings	came	good	out	some
black	college	fantastic	first	group	guys	heard	his	probably	radio	soul	steve	teens	these	they	thought	were	winwood
60	70	fantastic	good	he	rock	times	were
14	17	am	fantastic	first	heard	no	radio	stereo	steve	winwood	year
brings	sure	thats
great	san	way	what
an	died	her	laura	miss	much	name	she	wife
16	clearly	dancing	mama	remember	with
always	but	dad	everyday	he	hearts	her	is	laura	longer	mum	name	no	our	remains	sing	us	with
80s	early	ever	had	heard	kid	most	mum	remember	tape	thing	thinking
always	banger	do	great	lorry	our	played	times	used	way	we	were	with
11	always	away	but	cd	grandad	he	him	learned	listens	lost	miss	passed	sadly	we	will	with	words
1993	from	laura	thank	turn
beautiful	lovely	made	remember	thank	us	video	what	work
always	as	bring	changed	daughter	even	eyes	growing	hear	her	if	im	is	know	late	later	leoni	life	mum	name	now	one	play	radio	remember	she	sing	stuck	tears	teens	thats	them	toddler	tunes	up	used	which	with	would
dad	favourite	he	last	lost	one	reminds	singers	year
absolutely	artist	come	favorite	great	his	jim	music	reeves	thank	with
as	beautiful	dear	distant	drums	first	his	is	jim	maybe	memory	music	reeves	unforgettable	voice
been	from	is	lies	lol	over	radio	sad	school	sing	think	used	we
1960	big	charts	hit	memorable	no	one	teenager	very	weeks
brings	good	lol	some
14	20	90s	after	ask	best	but	called	during	early	ever	first	found	friends	girl	got	had	her	is	kids	later	laura	living	long	married	met	never	old	our	out	part	true	up	we	went	year	young
at	is	laura	lived	now	remember	she	where	wonder
beautiful	child	dad	had	he	him	much	oh	reminds	sing	such	use	very	voice
but	forget	gonna	is	jim	music	never	sad	they
along	grandad	grandparents	hearing	his	jim	loved	music	nan	reeves	remember	reminds	rip	singing	songs	who	young
been	different	experienced	had	have	head	lot	then	things	wish	would	younger
all	bring	his	songs	yesterday
at	be	everyday	find	just	life	men	need	now	old	sang	school	sing	sweet	usually	would
about	ago	all	also	as	at	been	but	check	choice	couldn	favorites	funeral	grandad	guess	have	his	hit	home	is	just	kept	lost	makes	mary	melancholy	more	named	nan	now	one	over	perfect	played	quite	really	soon	started	there	thinking	too	us	very	which	year
ago	all	can	danced	dancing	got	he	husband	jim	like	listen	live	much	no	one	over	pain	passed	reeves	reminds	sing	we	who	with	worked	world
age	alive	as	brought	father	feelings	his	is	kid	listening	living	lot	man	mum	now	old	parents	played	she	teen	with	younger
73	alive	be	good	lord	take	what
20	21	about	after	again	ago	also	an	at	be	before	damn	few	her	house	into	knows	last	like	live	macias	might	moment	more	mother	name	now	old	or	ran	reconnected	remember	see	store	then	think	tv	up	watched	we	what	who	with	year
73	around	elvis	had	late	let	mother	old	stay	talk	true	up	watch
after	all	believe	but	day	hard	he	less	passed	re	than	we
all	always	am	an	bedroom	can	days	deep	elvis	ever	forget	good	he	here	him	his	how	looks	posters	remember	singers	these	voice	wonderful	younger
58	all	at	before	bought	changed	have	listening	local	oh	our	remember	times
at	brings	happy	heard	only	schoolboy
1965	2018	25	53	60	all	band	called	days	fun	gets	golden	good	got	great	had	has	heard	hello	included	june	just	knows	list	lost	made	might	music	old	our	play	played	radio	released	rock	romance	singing	takes	together	video	we	who
great
at	big	called	dances	did	even	from	going	great	group	he	hear	him	home	just	life	local	never	one	our	played	remember	school	sing	some	such	teen	teenage	then	they	think	those	times	tv	used	we	went	were	what	where	with	would
31	again	ago	brings	dad	died	do	ever	get	good	greatest	her	listening	ll	lovely	mum	rip	today	voice	your
angel	blue	christmas	every	favorite	gram	happy	lps	orbison	our	play	roy	stereo	times	used	we
16	about	aunt	brings	dum	favorite	go	haha	he	his	is	little	lonely	lot	only	orbison	play	roy	singing	used	yeh
concert	got	have	he	him	mom	old	pictures	some	took	ya
an	awesome	brother	cat	died	few	greatest	have	hear	is	memory	music	roy	thats	think	those	though	whenever	who	with
always	bless	dad	god	him	reminds
50	60	all	are	best	days	if	live	most	not	now	one	rubbish	songs	these	times	with
beautiful	nostalgia
fantastic	grandparents	listening
girl	listened	little	lot	loved	thanks
after	album	boyfriend	first	loosing	out	such	voice	wore
ago	an	asked	be	because	couldn	decades	did	different	done	from	had	have	he	him	if	impossible	is	learned	like	never	person	probably	remember	roy	said	sang	someone	something	style	told	why	with	would	young
1988	able	after	all	away	been	but	came	could	drop	enough	every	father	few	front	growing	has	have	he	hear	heard	him	his	lucky	mum	music	not	november	passed	play	row	roy	said	sang	seats	see	she	since	such	thank	times	uk	up	weeks	went
able	again	be	done	fantastic	great	hear	is	like	live	lot	many	past	quality	singers	songs	superb	thanks	these	through	took	video	well	what	youtube
able	also	anyone	artist	be	by	can	charts	country	happened	how	music	never	not	old	over	perfection	pop	pure	record	remember	shot	sung	unforgettable	up	well	which	who
ago	country	many	music	oldies	takes	these
days	grannys	music	old	party	reminds
40	50	60	about	anything	as	but	from	great	kid	loved	never	thought	top	what
45s	all	always	as	at	be	country	day	don	favorite	gave	girl	happy	have	heart	hello	home	house	just	little	music	one	over	playing	remember	said	she	songs	take	them	until	why	will
can	country	first	girl	hearing	little	remember
days	end	good	never	old	they	thought	we	yes
1985	country	doing	during	favorite	great	help	kid	one	please	sing	sweet
ago	holiday	lovely	parents	reminds	times	with
brings	lots	still	today	words
as	child	remember	thank
but	grew	like	loved	party	rock	roll	songs	still	teenager	then	town	up	with
1950s	1960s	during	growing	listening	music	remember	up
60	70	at	late	least	lip	live	look	not	our	singing	started	these	weekends	were
remembering	we	were	young
all	at	great	jukebox	just	radio	remember	thank	wow
from	remember	very	young
brings	great	such
away	days	from	oh	ya	yes	young
good	mama	over	sing	used
1979	an	asked	bar	bought	by	day	dec	disc	europe	first	hank	have	he	heard	here	his	is	middle	name	next	postings	rare	remember	store	thanks	unknown	very	who	with
ago	brought	country	is	kind	long	music	very
beautiful	ever	great	hank	have	him	locklin	loved	since	thank
an	as	daddy	go	he	old	rocking	sing	sleep	use	would
days	first	getting	hear	heard	just	much	songs	thank	unbelievable	younger
being	country	go	kid	music	now	old	remember
few	takes
dad	mom	omg	reminds
as	days	eyes	gives	gold	grew	is	old	recall	tears	those	we	with
57	am	an	be	but	child	country	into	music	not	really	remind	weeks	will	yes
brings	come	eyes	know	makes	now	your
again	all	are	child	country	find	grandparents	like	music	myself	no	now	or	other	parents	played	reason	rock	singing	than	they	whatever	wish
artists	black	do	great	miss	much	night	our	saturday	sharing	sure	thank	these	tv	very
are	around	dad	is	lovely	music	only	our	play	records	remember	singer	songs	still	these	unbelievable	up	used	voice	well
am	as	beautiful	child	dad	dancing	even	feel	from	him	his	imagine	miss	place	sing	some	still	with	would
brings	dad	dancing	don	great	like	lt	many	mom	music	play	remember	sad	such	they	today
55	am	at	dancing	has	mother	now	only	parents	passed	posting	remember	thank	watching	wedding
childhood	days	reminiscing
10	70	ago	august	away	great	learned	memory	mom	passed	roller	thank
childhood	from	lovely	such
at	dad	days	everyday	family	good	music	teen
62	ago	always	dad	him	married	miss	much	mum	passed	reminds	very
dad	day	drinks	family	few	friends	get	great	have	loved	mum	reminds	songs	these	times	who	would
dance	definitely	reminds	school
about	ago	always	at	beautiful	by	club	engelbert	last	listening	night	remind	waltz
always	brings	childhood	good	grandma	grandpa	have	kind	makes	miss	songs	these
dad	happy	his	loved	mum	music	playing	records
bad	beautiful	brings	but	good	lot	some	still
but	childhood	dance	end	forever	great	last	lingers	listen	mind	must	nice	should	still	until	waltz
as	at	grandparents	how	listen	lyrics	much	old	play	reminds	seven	they	understand	used
are	dancing	do	grandparents	hope	still	sweet	they
as	at	got	liked	much	out	person	play	played	remember	we	wedding	went
70	around	at	aunts	dance	end	floor	late	man	mid	old	older	reminds	uncles	wedding
bring	childhood	engelbert	humperdinck	songs	thank
1968	as	at	beautiful	dance	has	our	played	primary	school	student	teacher	us	waltz	we	with	would
already	always	because	best	but	can	dad	dance	danced	daughter	during	even	first	gone	hand	happened	he	heart	high	him	his	hold	how	junior	last	lend	miss	much	night	our	papa	played	remember	saying	school	senior	thing	with
70	boyfriend	good	sentimental	very	with	yahooo
1960s	always	days	girl	go	happiest	happy	her	innocence	largs	life	little	loved	mum	playing	remind	such	trip	used	we	went	will	with
60	beautiful	great	late
ex	girlfriend	reminds
days	good	old	remembering
always	bedroom	from	kitchen	life	mother	playing	radio	sun	sunset	sweet	takes	then	up
day	friend	old	remember	with
1970	british	club	days	happy	legion	loved	people	reminds
at	beautiful	danced	forever	last	parents	such	their	wedding	weekend	will
danced	exact	good	record
ago	dad	died	he	hear	him	miss	much	play	reminds	used	very
beautiful	nostalgic
2016	always	beautiful	before	brings	daughter	died	happy	her	miss	our	wonderful
brings	ever	marvelous	we	were	what	young
all	amazing	era	fell	grow	just	listening	lucky	memory	music	thanks	these	up	where	wonderful
anymore	blast	don	from	house	is	just	like	little	make	our	past	playing	remember	them	they	very
15	20	am	far	favorite	is	now	old	until
11	15	2009	dancing	june	living	mom	our	remembering	room
2019	always	anyone	dad	remembered	sing
all	also	as	child	elvis	full	grandma	grew	house	jones	mother	music	our	presley	up	with
about	ago	another	as	because	dad	find	girlfriend	guy	him	his	is	kid	left	long	one	sad	then	who
funny	girl	kid	old	only	remember	she	singing	thought	young	yrs
everytime	granddad	his	reminds	voice
every	has	mother	played	remember	sunday	what	wonderful
1977	always	kid	like	really	reminding
always	be	because	daddy	favorite	hear	if	is	miss	music	remember
1968	engelbert	glad	grew	high	loved	music	real	released	school	up	with
coming	daddy	father	he	home	loves	much	next	omg	philippines	reminds	there	year
20	am	but	child	from	grandfather	grandpa	heard	heaven	him	is	now	reminds
feel	great	had	listened	make	missed	never	people	place	something	tried	where	who	wish
2019	all	are	but	flashback	gone	july	only	remains	uncles
always	cause	every	everything	father	from	granddaughter	happy	heart	here	him	know	law	miss	music	now	our	papa	re	remember	right	thanks	we	will	with
each	every	many
album	childhood	engelbert	humperdinck	is	list	play
after	are	brings	but	can	closing	days	eyes	forever	have	help	just	lost	nothing	play	relive	songs	them	these	those	us	we	while	yesterday	your
2018	childhood	like	miss	pops	someone
as	beautiful	if	one	own	self	written
am	as	better	can	day	did	fantastic	go	heart	is	make	now	or	person	place	radio	relive	sounds	special	then	way	your
be	bring	lonely	please	someone	sweet	voice	with
1975	take	what
again	amazing	blast	come	deep	from	growing	haven	heard	like	mid	mind	past	power	real	seventies	something	suddenly	takes	up	wow	your
amazing	but	child	damn	every	everything	feel	felt	gave	good	happy	have	how	is	its	like	makes	out	parents	remember	reminding	secure	sharing	should	such	thanks	then	what	world	wow	young
childhood	right	thats	there
about	age	be	down	fantastic	how	lane	memory	never	omg	take	talk	trip
almost	am	childhood	happy	lovely	posting	such	teary	thanks
70	band	by	catchy	favorite	great	magic	right	takes	think	though	track	tune
ago	brothers	childhood	good	long	remember	sisters	thanks	uploading	with
classic	days	don	from	just	like	make	pilot	songs	takes	thanks	younger
again	be	by	dream	few	gone	great	happier	look	miss	moments	there	these	times
bringing	by	can	day	feel	kids	knew	looks	mattered	more	music	never	nostalgic	real	realize	than	thank	they	today	youtube
again	all	closing	days	evokes	front	future	is	just	life	now	old	spend	those	twenty	with	wonderful
50s	again	but	mid	suddenly	teenager
25	as	at	away	called	disco	doing	drive	driver	especially	great	had	has	help	him	his	how	john	ladies	lift	london	lot	lovely	mobile	old	one	other	parties	ran	stay	take	these	truck	turn	up	used	very	we	will	with	worked	young
ever	first	many	record	thanks
70s	as	child	drop	makes	middle	pilot	simpler	songs
could	days	go	those	wish
am	brought	glad	pleasure	thanks
birthday	brings	first	many	record	remember	sister
ago	all	am	as	did	from	now	remember	still	thanks	then	those	uploading	very	young
beautiful	brings	childhood	is	part	pilot	songs	thanks	these
childhood	reminds	tune
always	aunt	ever	great	hear	her	remind
amazing	beautiful	full	is	no	where
12	also	an	but	by	can	caught	days	different	don	early	even	eye	get	girl	had	incurable	know	later	look	loved	months	more	motown	play	realize	reminds	rock	romantic	then	think	though	who	why	woman	young
14	21	30	ago	another	anyone	dad	dated	else	ever	has	he	his	if	is	let	man	married	marry	mary	mother	name	not	old	or	passed	she
20s	62	am	at	but	could	dad	do	from	god	he	her	his	house	just	karaoke	like	mid	mum	new	parties	remember	rest	sang	soul	used	wish
59	aged	an	around	as	australia	belfast	both	child	died	from	incurable	just	left	missed	mother	romantic	ruby	sadly	same	she	sing	soon	too	used	world
ago	all	bless	brother	innocent	life	more	much	older	ruby	she	simpler	those
20	another	are	favorite	from	have	heard	him	his	listen	one	out	played	room	said	should	stay	sunday	there	they	top	used	version	we
ago	an	dad	days	fast	go	gram	great	his	magical	moments	mum	old	putting	radio	remember	voice
13	but	died	favorite	mums
76	brings	fan	from	great	keen	mad	old	some	sure	wow
her	like	listen	looked	loved	mom	sing	sounded	young
58	along	basco	been	brother	but	from	going	grade	graduated	happy	has	his	is	knew	like	maddox	much	name	nickname	now	older	once	other	sang	skip	some	still	teenage	their	then	together	very	with	young
be	beautiful	brewer	but	don	growing	hearing	her	house	just	like	mom	really	remember	she	sing	sounded	teresa	up	use	voice	with	would
father	page	reminds
bought	days	first	good	im	now	off	old	out	record	remember	still	those	where
how	last	like	made	many	now	playing	songs	still	them	these	will	youth
after	am	big	brewer	fan	father	great	he	her	lady	loved	much	named	sharing	songs	teresa	thanks	voice
after	amazing	are	at	billy	but	can	do	great	hear	heaven	least	log	most	place	playing	singer	still	thank	us	voice	were	whole	wish	with	wonderful	world	your	youtube
billy	eckstine	feel	full	hearing	melancholy	nostalgic	sing	voice	warm	what
after	billy	concert	eckstine	met	see	still	together	uk	went	wife
are	made	posting	superb	thank
takes	teen
1950s	alive	be	beach	best	billy	boy	early	golden	great	had	he	him	if	lido	live	long	now	only	parents	room	see	sounded	sounds	standing	still	then	took	very	voice	were	with	young
50s	at	bye	club	days	good	mr	old	use
50s	family	lovely	nostalgic	sing	singer	some	songs	takes	these	used	very
along	boone	came	can	clearly	ed	first	from	green	hear	hilarious	now	radio	remember	voice
1962	ames	boone	born	dad	didn	ed	later	much	playing	quite	remember	she	sing	until	well	would
1989	around	born	but	dance	daughter	don	first	her	hold	house	how	know	memory	months	precious	sing	stumbled	sweet	used	wonderful
almost	ames	ed	hilarious	his	johnny	lost	remember	show
always	being	grandparents	head	loved	passed	play	since	stuck	through	would
as	beautiful	born	child	grandfather	lyrics	sang	voices
actually	baby	dad	daughter	ever	first	haha	heard	is	just	sharing	she	sing	thank	used	ve	video	whole
55	born	first	literally	memory	one	songs
2015	beautiful	been	brain	comes	days	down	fifty	granddaughter	had	has	have	into	is	later	little	now	old	only	or	since	ve	wonderful	yes
above	adore	baby	beloved	brings	daddy	father	from	he	heaven	high	is	listen	listens	not	our	remember	still	times	used	who	with
beautiful	happier	times
50	60	again	at	did	ever	experience	from	great	have	no	one	play	then	today	we	well	what
as	could	did	fifties	lyrics	singers	sixties	such	sweet	they	today	voice	wish
as	beautiful	born	hear	its	lullaby	mum	sang	wonderful
dad	day	every	just	miss	much	mum	reminds	who
17	another	army	at	be	bitter	but	exact	first	home	join	just	left	memory	morning	old	out	playing	radio	really	record	sweet	turned
always	away	boy	came	children	ever	going	goodbye	had	haven	he	heard	jimmy	kid	later	married	named	never	older	out	passed	raised	sang	say	sharing	since	sister	started	steady	thanks	they	two	until	were	with
23	age	brother	crying	died	hearts	him	his	jimmy	name	never	stopped	want	we
always	an	as	been	billy	boy	brother	far	felt	got	had	happier	he	heard	his	jimmy	little	long	lullaby	mother	much	nickname	one	sad	sang	sharing	since	such	thanks	too	while
all	beautiful	been	brought	danced	eyes	girls	god	have	listening	many	million	miss	not	tears	thanks	them	thinking	tune	uploading	with
94	after	ago	bless	by	can	fifty	going	hand	have	heard	her	look	mangle	mum	not	old	putting	see	seven	she	since	still	strong	there	through	us	year
because	child	cry	funny	made	played	she	sister	thought
cry	girl	just	little	older	play	see	sister	used
again	but	could	friend	good	had	her	july	left	miss	over	see	she	still	wish
10	again	as	been	but	could	died	even	get	gone	have	he	him	jimmy	life	may	miss	over	see	still	though	try	well	wish	with
13	again	been	enjoy	had	lovely	much	posting	thank	very
days	lovely	reminds	usa	with
beautiful	miss	remember	tv	voice	watch
1950s	dickie	from	good	is	lovely	remembered	singer	still
50s	again	good	great	listening	nostalgia	singer	times
all	an	are	as	dickie	favorite	good	great	guy	like	lovely	make	missed	music	no	period	rip	sadly	singer	their	they	today	voice	were	what	where	words
germany	happy
absolutely	be	beautiful	feel	forgotten	hear	lovely	makes	never	past	should	voice	whenever
brilliant	brings
beautiful	crazy	great	like	mother	play	post	reminds	she	such	thanks	used
1954	55	army	every	germany	great	hit	luxembourg	most	night	played	radio	uk	us	while	with
brings	happy	younger
always	as	believe	can	crying	dad	gone	he	is	life	long	loved	man	mom	oh	posting	sang	singing	thanks
always	am	broken	but	favorite	fifties	found	got	have	here	mine	put	thanks	way	who	youtube
age	days	high	reminds	school	wonderful
dad	every	miss	morning	parents	played	saturday
beautiful	every	hear	kind	listen	miss	mom	morning	much	she	sunday	used
16	1963	great	old	youth	yrs
all	are	bring	could	don	know	missing	must	people	sing	these	they	we	what	wish
first	from	heard	old
10	50	60	brenda	dear	early	emotions	hearing	her	late	like	old	records	such	thank	turn	voice	with	wonderful	year
1963	by	bye	decades	first	have	heard	holds	missed	still	strong	way
could	days	during	how	listen	lovely	many	old	see	songs	them	turn	we	wish
beautiful	end	nostalgia	world
12	1963	brenda	lee	old	remember	such	very	voice	well	with
beautifully	bring	songs	these	what
beautiful	every	hearing	melody	sends	tune
10	11	but	by	first	her	not	old	or	remember	she	such	sure	tv	voice	what	year	young
flies	how	oh	only	wow
anything	be	being	by	childhood	era	garbage	goes	going	kids	lives	matter	music	no	not	played	teen	their	tune	wise	with	would
1963	high	sad	school	senior
13	1963	music
brenda	davis	didn	grew	had	know	listening	soul	until	up	version
brenda	childhood	crush	first	is	lee	lol	older	she	than	two
10	again	big	bless	found	god	her	later	old	only	out	played	sad	sister	sisters	some	still	take	why
artist	brilliant	from	great	greetings	music	youth
again	davis	do	first	hard	heard	remember
2006	broke	down	from	left	played	radio	she	sixties
being	day	every	guess	human	knowing	listen	literally	little	lots	nostalgia	not	someone	toddler	used	what	world
away	beautiful	because	cancer	early	from	growing	have	her	lord	loved	miss	much	passed	reminds	sister	took	up	we	were	young
beautiful	great	is	many	much	thank	video	with
bring	like	listening	miss	music	radio	thankful	wonderful	youtube
50	after	ago	clock	could	if	listening	miss	much	only	still	turn	we
all	film	grow	hit	knowing	make	never	passed	sad	them	they	those	up	with
2019	70	am	been	better	bringing	childhood	have	is	listening	lived	now	radio	really	seirus	station	still	we	what	which	why	world
2019	60s	70s	childhood	listening	november	really	remembering	songs	take	these
another	but	don	has	kind	know	magical	some	soul	takes	word
are	her	just	late	lonely	reminds	she	sister	songs	these	us	used
dad	remember	singing
16	1963	cry	makes	youth
adore	nostalgic
1963	63	also	an	bad	big	brenda	dear	died	ever	every	friend	girl	good	got	graduation	grandfather	great	high	junior	lost	never	night	part	president	school	second	senior	she	since	singer	small	songs	state	very	we	well	where	year
been	but	every	have	just	knew	may	sang	sleep	word
am	enough	liked	meaning	music	now	old	thank	understand	young
across	always	be	best	but	child	great	has	heard	just	long	really	since	stumbled	takes	ve	version	will	with	world
1963	50	barber	came	can	dad	during	go	home	like	lunch	morning	no	saturday	shop	sitting	snowy	sounds	there	waiting	we	went	winter
first	heard	is	music	young
lovely	nostalgia	pictures	sad	sweet
60	come	early	omg	please
11	2014	car	grandfather	he	heaven	him	music	now	our	play	reminds	still	way	would
56	during	much	with
always	brother	fantastic	listen	old	play	popular	then
child	days	good	life	old	play	real	teenage
1992	2015	55	71	age	dad	day	died	every	loved	miss	mum	old	parents	they
13	old	remember
always	as	dad	dances	did	everything	from	generation	goes	head	hear	living	mom	now	passed	reminds	then	they	were
after	away	first	grade	hope	kind	life	maggie	man	moved	oh
are	best	brings	but	came	car	good	had	hear	im	like	old	oldies	only	others	songs	station	these	would
bring
60s	70s	80s	are	childhood	dances	didn	don	each	favourite	from	girl	gone	great	have	hear	high	is	just	know	long	missing	money	music	night	no	or	other	our	parties	rock	school	songs	spend	summer	there	they	today	we	were	with	wonderful	your	youth
all	came	days	did	feel	got	never	pain	reminded	same	school	sweet	those	who
away	best	both	boyfriend	first	friend	from	him	kept	over	playing	reminds	shame	them
beautiful	childhood	from	woman
by	came	children	choice	comes	day	don	due	felt	from	have	hear	heard	just	like	looking	mind	money	mother	never	not	now	old	or	out	school	sharing	she	still	thirteen	windows
bring	but	can	days	go	good	never	old	sure
being	brings	by	emotions	first	full	girlfriend	is	loss
40	childhood	first	from	hit	remember	top	very
evokes	happy	many	thanks
miss	old	those	yes
13	1960	age	already	appreciate	artists	at	beautiful	great	knew	many	others	parents	sing	songs	taught	us	used	we
ago	as	boy	high	long	remember	school	what	young
an	as	beautiful	changed	during	every	glad	gorgeous	had	handsome	history	human	humanity	is	knew	men	most	music	must	people	say	there	we	well	were	wise	with	women	word
away	best	heart	is	lonely	oldies	ones	parents	passed	remember	who
marvelous	moments	much	nice	remember	thank	these
brings	happened	memory	music	voice	what	wow
better	bless	brenda	child	days	god	great	happy	lee	life	make	marvelous	may	now	singer	thanks	those
again	all	are	best	favorite	feel	makes	million	old	songs	thanks	them	those	today	young
beautiful	heart	nostalgic	sounds	voice
all	before	believe	came	can	have	heard	loved	missed	never	radio	these	today
missed	young
brings	miss
ago	always	boy	come	father	find	he	here	just	little	not	now	really	some	with
2018	beautiful	even	marvelous	moments	remember	thanks	these	what
2018	again	dear	good	great	like	listen	passed	remembering	thanks	we
about	forgot	memory	now
listen	only	she	singer	teenager
bringing	days	happy	they	were	wonderful
67	all	always	am	but	heard	loved	much	older	still	they	young
17	1962	56	ago	all	along	friends	from	going	here	lyrics	now	old	over	popular	sing	singing	songs	speakers	through	town	with
12	1963	after	anything	at	brenda	buy	couldn	else	every	everyday	got	her	just	lee	little	meet	minute	mobile	night	old	one	performed	played	radio	records	single	sleep	songs	state	think	went	with
1963	days	early	get	had	have	hope	listening	lovely	off	out	really	right	school	snow	snowy	us	used	very	winter
bring	catchy	music	nice	simpler	them	times	tune
awesome	brings
14	15	around	at	danced	days	early	most	old	part	party	philippines	really	reminds	romantic	sister	think
but	by	childhood	passed	same
always	are	everyone	made	these
70	benson	childhood	from	great	reason	reminds	some	tune
brought	days	great	sears	some	thanks	wow
how	miss	oh	simple	them	times
about	could	days	from	good	like	not	old	worry	your
age	at	because	dad	didn	english	even	first	know	learned	like	oh	old	play	remember	though	used
70	does	during	early	germany	mind	stationed	with	wow
brought	child	remember	sweet	tv
an	ex	reminds	sunday	with
brings	childhood	from	great	is
again	although	at	day	didn	film	has	hear	like	long	nostalgia	other	really	reminds	saw	teenager	used	wanted
another	classic
40	ago	brought	is	like	over	really	remember	sears	some	well	which	words	yesterday
by	days	evokes	gone	makes	old	timeless
all	are	as	be	can	come	day	distant	gone	have	hearing	her	hope	is	karen	lives	long	lost	loved	miss	music	never	new	now	ones	our	past	remember	she	some	then	there	they	think	through	totally	us	we	while	will
ago	another	at	can	chinese	day	english	first	forget	heard	is	listening	memory	music	nearly	never	one	remember	say	small	songs	still	teenager	town	twenty	two
1970	70	am	an	backyard	being	childhood	great	have	kind	miss	mom	music	own	playing	radio	sitting	stations	sun	wonder	young
band	good	great	like	now	round	someone	sound	then	there	times	what	wish
70s	as	at	awesome	being	cant	go	great	him	kid	knock	loved	times	we
every	father	heard	morning	mother	sung	those	up	while	young
albums	brings	friends	listening	precious	teen	with
about	great	kid	little	makes	remember	still	times
brings	oldies	past	tears	times
great	group	holds	loved	music	still	up	wonderful
all	aunts	dance	house	livingroom	miss	play	really	record	stereo	we	would
16	but	came	good	incredible	out	wow
1976	but	certainly	dances	did	find	hard	heart	is	just	makes	many	memorable	most	one	out	records	smile	tracks	year
lady	reminds	special	takes	way
70	brings	definitely	great
1977	fell	first	from	grade	graduation	high	john	jr	loved	now	real	school	summer	then	with	year
19	as	australia	brings	by	cassette	get	gets	life	lonely	music	north	nostalgia	old	older	or	out	past	playing	quickly	sometimes	though	through	western	year
76	be	dance	days	fantastic	has	hold	loved	miss	mobile	not	people	phone	really	right	seen	summer	takes	those	what	with
college	dream	from	got	graduated	great	had	job	just	what	with
is	marvellous	music
childhood	heart	reminds	sweet
70s	as	box	bring	cd	damn	danced	day	every	good	have	kid	like	listened	not	room	songs	times	used	world	worry
days	get	hearing	miss	oldies	those
40	an	angel	as	brings	girl	good	had	like	listened	long	loved	many	much	nice	not	one	really	songs	those	times	very	with	year
14	45	at	beautiful	did	disc	don	every	get	got	home	how	many	old	played	player	record	remember	rpm	save	times
good	many
beautiful	listening	many
dad	driving	first	good	grade	man	music	now	old	playing	remember	riding	school	way	with
28	am	beach	being	brings	but	by	car	day	fell	felt	good	grandma	heard	just	listening	memory	old	or	remember	she	summer	thats	we	were	with
12	1976	70	aged	at	best	but	disco	ever	holiday	nearly	no	off	one	records	reminds	summer
artists	brings	great	group	many
18	1976	be	just	listen	old	taken	want	whenever
actually	but	dancing	days	fun	not	soul	still	takes	there	watching
15	70	actually	air	an	as	at	behind	best	blue	brand	called	crowd	entire	ever	had	have	he	heard	his	introduced	large	life	little	man	new	one	only	out	perform	pilot	plane	played	routine	saw	show	speakers	strike	then	there	through	very	we	went	who	with
10	47	brings	good	its	like	now	old	then	wow
at	dancing	disco	great
because	generation	hear	make	new	nostalgia	old	really	songs	thank	want
2019	days	dec	from	good	greetings	listening	mabuhay	old	part	philippines	reminiscing
20	am	before	but	have	karen	listening	longing	nostalgia	period	reason	rip	some	way
across	bring	times
after	as	beat	beautifully	cancer	carpenter	close	cry	did	doing	each	favorite	forever	friend	from	had	haven	hear	heard	her	hope	if	is	joy	karaoke	karen	last	life	liked	lost	made	not	or	remind	said	she	sing	singing	songs	still	swear	talked	voice	we	were	will
by	changed	gone	good	had	has	how	looking	makes	much	rather	sad	seems	times	today
best	childhood	ever	memory
awesome	listen	nostalgic	sweet	tune	very
all	am	boy	chinese	country	grandma	listen	missed	people	remember	want	with	world
again	be	kid	makes	want
childhood	lovely	takes
about	always	am	as	be	but	carefree	cry	days	every	forever	good	how	its	kept	life	listen	makes	old	only	places	reminded	right	things	those	were	will
70	better	but	had	less	miss	simpler	times	we	world
2019	come
reminds	young
brings	car	carpenters	good	hear	loved	mom	riding	singing	songs	their	these	tunes	with
about	brings	childhood	everything	from	parents
70s	brings	early	good	growing	times	up
07	1977	2019	august	carpenters	exactly	husband	many	met	nice	radio	today	were	wonderful
57	all	being	by	fast	great	how	just	looking	makes	now	passed	sad	teenager	think	times
19	ago	but	cassette	change	growing	mom	more	no	nostalgia	only	playing	remember	tape	through	times
50	ago	brings	cry	license
2016	22nd	beautiful	daughter	days	happy	july	passed	remembering	takes	who
2019	brings	dated	girl	her	impossible	is	june	lane	listening	lot	memory	taught	today	who
beautiful	mom	nostalgic	sing	used
2019	full	great	june	played	times	unforgettable
as	but	by	cried	did	elementary	feeling	first	flies	getting	is	listened	lyrics	not	quite	school	understand
am	cause	crying	dad	days	listen	old	reminds	with
15	am	at	brought	childhood	eyes	friend	have	listen	really	reminded	sang	school	since	tears	today
anymore	anything	are	because	before	can	changed	do	fast	fix	from	have	innocent	like	makes	not	oh	or	past	people	person	re	relive	sad	tears	there	things
50	60	70	after	alive	be	comment	days	doing	everything	eye	find	gives	gonna	good	goosebumps	got	ha	heard	if	is	leave	ll	maybe	nostalgic	now	old	or	remember	since	sometimes	still	teary	those	where
2018	august	been	brings	childhood	cry	every	first	from	have	hear	heard	la	listening	many	since	still	woah	wonderful
beautiful	boy	childhood	days	her	how	lyrics	oh	perfection	played	remember	sweet	those	voice
age	am	around	at	but	childhood	died	grandma	missed	she
beautiful	bring	childhood	days	do	girl	happy	head	hear	hearing	is	just	little	lot	no	off	out	played	playing	radio	recently	remember	where
2019	come	favorite	growing	here	is	june	nostalgia	up
absolutely	after	bad	because	childhood	feel	great	heard	her	just	like	listen	make	many	melody	now	school	secondary	send	since	some	still	student	such	voice	want
18	although	car	do	english	even	first	is	kindergarten	know	learned	means	mum	not	remember	sing	still	times	what	year
days	reminds	teenager
1973	angel	away	carpenter	have	karen	may	mother	passed	rip	takes	voice
50	60	70	73	80	about	although	angel	as	big	but	called	day	every	friends	glad	graduated	great	have	just	knew	loved	oldies	sisters	songs	teen	thanks	these	well	words
16	am	fast	flies	hear	now	old	times
am	kindergarten	made	past	play	remember	teacher
always	childhood	reminds
12	am	boy	bring	can	changed	first	has	heard	high	junior	just	many	much	now	school	smiles	still	tears	teenage	times
14	am	died	feel	grandmother	heard	her	little	makes	nostalgic	now	old	really	remember	remembered	sad	singing	which
all	along	as	bring	cry	grow	her	just	listen	listening	see	she	sing	we	with
childhood	favorite	finally	find
had	how	just	loved	mp3	much	player	remembered	since	then
at	childhood	go	hear	longing	radio	very
1973	am	be	but	feel	forever	greatest	hit	is	like	remember	september	still	will
always	childhood	days	everytime	kid	kind	like	listen	music	parents	play
childhood	clearly	favorite	omg	radio
am	amazing	been	childhood	every	feel	have	is	like	listen	listening	made	night	old	since	sleep
brought	cassette	classic	kid	listen	much	used
1970s	days	early	elementary	school	takes
be	can	childhood	cried	day	every	forever	getting	just	loved	older	one	people	sell	stay	them	want	way	were	who	with
2019	bring	hahaha	nice
40	away	before	behind	beloved	friends	have	leaving	listen	many	memory	passed	past	remember	still	unforgettable	which	while
beautiful	reminds	young
1970s	40	able	ago	already	band	be	beautiful	brings	but	can	childhood	china	classic	could	country	enough	from	heard	here	is	memory	not	old	player	poor	rules	sing	songs	still	strong	there	these	were
ago	an	be	could	cry	days	is	karen	lost	makes	painful	really	sadly	still	these	today	way	we	wish	world	yesterday
baby	carpenters	childhood	damn	every	good	hit	lol	loud	lullaby	mum	old	out	sang	tape	times	yes
all	brings	favorite	one	songs	those	top
all	anymore	beautiful	brings	childhood	here	not	some	them
1973	again	along	always	be	beautiful	came	experienced	flautist	free	from	is	lives	more	music	never	now	once	others	place	radio	she	student	thats	through	where	will	with	yesterday
30	ago	am	boy	from	long	mind	primary	romantic	school
deceased	nostalgia	sentimentality
as	best	her	is	kid	memory
miss	much	remember	still	them	young
12	about	beautiful	girls	hear	just	myself	remember	romantic	said	thank
behind	carpenters	couldn	dad	days	introduced	karen	left	putting	remember	sad	stay	thank
car	childhood	listen	reminds	used
1974	album	all	always	are	around	be	bringing	brothers	every	fell	floor	had	her	house	karens	listening	living	masterpiece	music	over	player	pop	record	remember	room	sat	second	she	voice	we	will	with
40	about	ago	away	brother	children	hearing	him	is	listening	loved	music	now	passed	reminds	some	we	were	who	with	younger
first	forget	grade	heard	life	never	sixth	will
hard	reminds	youth
beautiful	bring	childhood	happiest	memory
all	come	every	grew	heart	nice	those	touches	up	with
brings	more	once	yesterday
be	could	meaning	more	once	wish	with	yesterday
also	always	bad	can	childhood	come	just	listen	miss	not	old	sleep
childhood	cry	happy	made	miss	reminds	those	times
childhood	go	once	only	want
1973	45	after	along	beautiful	did	first	from	heard	music	radio	record	rpm	sailing	singing	some	station	store	style	suddenly	thing	unknown	way	what	with	wonderful
70s	as	fresh	give	had	missed	much	sadly	sounds	still	today
afternoon	always	cassette	mom	play	reminds	sunday
10	almost	been	everytime	first	its	just	kid	listened	piece	remember	since
but	certainly	cried	elementary	english	favorite	grade	just	listen	not	radio	school	songs	sure	waiting	young
all	away	but	gone	just	like	listen	more	once	re	songs	they	those	yesterday
1956	about	am	as	attention	be	beautiful	been	big	can	childhood	coming	desoto	everytime	face	father	first	had	has	hear	heard	how	is	karen	later	left	liked	nearly	never	now	old	or	remember	riding	say	seat	smile	soon	thank	there	too	truly	us	voice	with	wonderful	yours
80s	every	good	had	happiest	hear	reminds	sad	we
as	beautiful	bringing	childhood	days	favorite	good	happy	is	karen	lots	miss	most	much	old	one	reminds	singing	songs	such	thanks	wonderful
lyrics	old	take
all	best	clearly	come	with
actually	family	friends	reminds
1973	all	almost	beach	beautiful	being	brings	every	first	fl	go	great	hear	more	once	played	spent	two	voice	we	weeks	yesterday
after	are	best	come	cry	even	friend	happy	just	long	lost	make	miss	never	now	once	really	show	they	those	times	up	where	will	yesterday
best	brings	days	fond	golden	good	old	those	top	very
again	also	are	as	at	be	bringing	can	cousins	doing	down	drive	emotions	get	go	gone	good	great	had	her	hey	innocence	karen	kids	lane	life	memory	music	not	old	or	real	record	records	rip	sad	seems	soon	these	trip	up	used	voice	we	weekends	what
are	changed	had	have	heart	if	is	life	line	lyrics	makes	much	rather	really	remember	sad	seem	strike	there	those	today	want	which	wish	words
again	at	beautiful	brought	check	day	feel	free	good	has	have	lot	many	means	nice	ones	out	page	please	remember	school	singing	slow	thanks
childhood	cry	forever	make	remind	young
brings	mom	really	sing	used
1973	date	first	lingers	singing
all	beautiful	bring	gone	grew	is	just	many	music	one	shame	she	songs	them	these	those	up	voice	with
70s	growing	kid	reminds	up
1960	2018	40th	all	born	day	europe	friend	great	have	know	life	listen	missed	most	much	never	now	old	really	songs	still	such	them	till	up	use	very	will
20	again	can	close	could	ever	every	eyes	hear	her	last	listen	long	meet	missed	mom	more	reminds	singing	single	than	these	till	ve	we	words
always	bring	childhood
childhood	kid	mum	play	takes	use
1976	6th	all	brings	during	grade	many	miss	played	songs	teacher	thanks	their	year
album	childhood	christmas	favorites	from	grew	listening	one	still	their	up	voice
brings	childhood	days	miss
all	best	clearly	come
bringing	childhood	finally	found	hear	let	old	parents	part	radio	thank
always	by	has	heaven	introduced	listening	mother	our	remember	thank
feeling	nostalgic	school
2018	all	amazing	best	clearly	come	listening	memory	more	once	very	voice	what	who	wow	yesterday
1970	as	carpenters	june	landing	landscape	late	memory	nice	playing	radio	remember	were
all	around	being	child	dad	fabulous	how	miss	mum	music	oh	seaside	trips
away	come	old	or	please	take	them
age	anymore	beautiful	because	but	crazy	did	do	laugh	listened	makes	miss	not	now	recall	songs	still	things	those	young
cry	days	listened	loved	made	missed	songs	strongly	those	understand
10	15	60s	about	an	as	being	brings	came	could	early	first	from	funny	her	how	listening	longed	look	music	now	old	out	relate	remember	reminiscing	she	teenager	we	younger
both	brings	early	happy	left	music	sad	too	us	your
40th	already	beautiful	get	more	once	very	wish	yesterday
album	car	could	finally	found	grandpa	listened	many	oh	only	remember
afternoon	beautiful	every	middle	miss	school	times
can	days	every	had	into	just	listen	making	miss	myself	night	stop	tears	we
30	about	after	again	best	brings	childhood	days	during	emotions	ever	forgot	growing	like	lived	one	past	singers	singing	tears	up	yesterday
early	hear	keep	mind	seventies	whenever	wow
actually	against	all	always	are	brings	but	chinese	different	each	english	happy	humanity	kid	listen	loves	many	mom	now	other	played	remember	said	see	she	something	still	there	till	together	understand	us	we	which
by	changed	gone	good	had	has	how	looking	makes	much	rather	sad	seem	times	today
cant	father	first	found	help	just	kid	listen	lyrics	many	music	now	passed	room	stop	tape	tears	understand
among	an	as	bought	brand	buy	can	cool	country	days	enough	even	first	go	had	included	inside	lacks	listen	lyrics	managed	money	mp3	music	ones	play	player	remember	sadly	something	struggling	teenager	today	very	which
as	by	did	gives	goes	he	if	just	listener	not	passed	past	quickly	serenity	yesterday
am	appreciate	can	childhood	due	family	first	great	happy	how	just	knew	listened	lyrics	melody	nice	now	only	or	pain	strongly	struggling	then	those	times	voice	with
alive	all	am	brings	felt	great	had	life	then
at	best	dancing	disco	jesus	london	lyceum	night	remember	town	with
childhood	lots
brother	everyone	friends	high	home	playing	remember	saturday	until	watch	with
days	good	old	reminds
14	15	at	bar	came	jukebox	keep	knew	loved	much	never	only	or	out	over	playing	pop	she	uk
2019	absolutely	always	be	brings	dad	day	forever	july	life	little	miss	much	playing	rip	will
band	bringing	done	england	fabulous	great	lovely	thank	well	what
1963	1965	1979	57	age	all	am	are	at	but	comes	did	do	feel	from	go	hear	into	is	listening	little	machine	many	music	not	now	people	see	there	today	very	want	way	what
60s	again	amazing	are	as	before	born	came	can	every	gold	grow	just	listen	mum	music	out	over	sunday	their	up	with
1966	45	again	among	are	best	bought	certainly	day	faces	full	get	great	hollies	is	its	music	never	old	over	perfect	perform	played	player	pleasure	record	rousing	singers	smiles	still	teenage	them	thirteen	very	watch	wonderful
as	because	by	can	drums	great	heard	hollies	little	much	never	now	oh	older	or	over	perfect	playing	records	remember	say	singing	sisters	teenager	too	tried	twenty	what	while	yes	young
nostalgic	thank
10	bringing	brother	favorite	home	record	remember	yardbirds
all	away	best	brings	british	fast	great	had	high	music	school	some	too
about	against	beatles	did	first	good	guys	high	if	kids	listening	makes	most	music	not	old	school	singing	still	these	thing	too	were	what	youth
12	1966	are	but	great	music	never	old	only	their	then	these	they	way	were	yardbirds	year
brings	timeless
favorite	first	husband	met	never	now	or	takes
after	albums	all	always	away	awesome	been	best	brother	elvis	ever	few	from	got	had	handsome	have	he	his	history	intrigued	just	library	made	man	millions	one	out	passed	presley	records	rest	songs	then	there	with
air	before	great	lot	play	popular	senior	summer	year
child	each	every	feelings	from	get	italy	living	lovers	other	there	where	with
dad	he	heaven	kid	loved	miss	much	sung	used
am	car	dad	listening	old	remind	school	way
benson	but	george	glen	listen	many	pure	sang	singing	take
every	forever	happy	party	played	we	were	will	young
but	cassette	from	listened	quality	radio	recorded	remember	teenager
80	are	best	childhood	music	remembered
about	always	be	born	can	gentle	have	innocent	is	no	or	pure	sing	singer	there	those	times	today	way	who	why	wish
80	90	always	best	brings	ever	from	good	great	is	music	old	such	youth
all	brings	dance	during	first	good	has	is	lasted	lot	played	sister	their	these	wedding
1985	80s	brings	find	into	looked	loved	released	swear	until
18	always	at	beautiful	but	fast	goes	had	listen
17	1987	beautiful	brings	him	just	like	much	old	then
1988	backyard	best	dance	friend	is	remember	slow	summer
80s	beautiful	childhood	experienced	had	hahaha	happy	makes	music	one	takes	wow
40	80	90	brings	era	experience	glad	got	mid	much	now	sad	teenager
anyone	best	clock	could	else	get	happy	just	knowing	life	live	ll	never	our	rest	thing	turn	up	we	wish	with
bring	build	can	machine	music	must	need	please	someone	we
ask	damn	dance	dances	high	jr	school	someone	takes	up
after	first	her	loving	many	met	mine	never	reconnected	stopped	we
80	as	change	feeling	gonna	its	nothing	same
1980	about	car	forget	happy	her	lady	makes	miss	never	she	think	together	we	were	will
actually	date	girl	happy	have	how	life	like	living	longer	make	marriage	mattered	money	no	now	phone	place	romance	sad	seemed	taken	things	we	worth	would
days	favorite	is	one	reminds	those	timeless
beautiful	brings	first	heard	him	is	met	most	today	up	what	wife	woman
brings	childhood	good
all	brain	childhood	coming	great	is	life	youth
17	1987	awesome	brings	hear	kids	lasted	raised	some	still	together	we	wedding	why	wonder
18	1988	again	fond	leaving	party	sixth	summer
80	are	at	best	boy	dancing	era	ever	girls	magic	one	parties	remember	songs	we	with	young
all	away	be	brings	but	didn	family	felt	friends	great	heart	know	last	many	moved	or	past	some	then	together	were	would
beautiful	close	cry	eyes	flashback	had	have	is	listening	most	still
12	at	forever	gave	girl	innocence	man	oh	old	recorded	released	serenity	stay	tape	who	with	year
17	19	1987	30	50	almost	as	beach	beautiful	brought	did	each	exactly	girlfriend	gives	have	how	incredible	is	lot	many	mind	nostalgia	now	old	other	passed	same	such	video	watching	we	who	with	wonderful	young
80	90	best	life	miss	really
days	especially	makes	nostalgic	school
am	beautiful	brings	good	kind	music	thankful	very	younger
17	about	although	always	at	came	didn	ever	going	holiday	italy	know	loved	now	or	really	remember	since	tv	ve	what
days	heard	man	miss	those	turned
again	days	these	were	wish
are	brings	ever	get	gone	got	live	never	old	phone	school	were	young	your
40	about	after	always	am	be	because	boy	brought	come	fell	flies	future	he	him	his	innocent	knew	man	must	name	never	now	old	optimistic	school	seemed	still	tv	watch	with	would
18	30	80	after	again	ago	better	but	can	first	he	high	is	music	never	nothing	now	our	school	sing	singing	than	they	true	try	used	with
beautiful	days	happy	her	holiday	listening	many	miss	much	mum	reminds
first	girl	good	made	tape
80	anymore	are	don	feel	fun	glen	him	his	is	like	making	music	no	nostalgic	oh	recently	singer	sweet	there	very	why
80s	build	go	machine	need
didn	grow	have	legendary	many	old	up	wish
80s	always	best	brings	could	go	good	how	life	many	music	will	wish
80	brother	drive	from	good	lake	reminds	times	use
80s	90s	boy	brings	changed	could	go	have	how	many	miss	things	wish
14	1966	beautiful	brings	faces	fantastic	john	live	old	rip	scott	thank	version	voices
60s	absolutely	brilliant	brothers	came	handsome	into	luton	reminds	ritz	saw	teenager	them	they	up	very	walker	we	went	were	where	wife	young
brings	from	great	teenager
50	best	music	take	thanks
best	life	please	take	times
60s	as	beautiful	came	down	fantastic	girl	is	john	lady	loved	omg	place	same	screamed	see	them	they	uk	wearing	went	were	who
could	go	know	now	what	wish
14	an	at	being	childhood	go	him	marry	not	ready	scott	steady	thanks	totally	walker	wanted	watched	with	wonderful
again	almost	as	be	brings	is	listen	many	never	painful	period	will
13	be	dances	doing	girls	going	great	has	hit	line	long	man	old	remember	romantic	school	singing	there	voice	what	would	year
child	feel	music	nostalgic	thank	very
60	brings	england	every	go	loved	minute	ready	steady	teen	watched	while	wonderful
brilliant	favorite	great	its	listening	little	mom	mums	remember	voice	with
60s	at	bought	brilliant	concert	distant	during	going	hit	life	live	performed	pop	remember	sharing	summer	thanks	their	top	warm
best	grew	happy	one	up	with
60	all	along	at	being	great	mums	radio	right	she	side	sing	songs	takes	were	would
1966	certainly	changed	got	have	hey	high	kicked	long	out	school	wearing
brings	happy	many
2019	60	are	awesome	best	brothers	but	else	era	gone	hearts	high	john	most	music	nothing	our	raised	re	rip	rock	roll	school	scott	songs	their	them	these	walker	yes	youth
10	16	53	as	came	crush	days	feeling	found	girlfriend	got	had	hearing	just	later	listening	lyrics	miss	music	now	old	out	really	remember	same	those	true	were	who	written	year
2019	60	attached	being	can	go	goosebumps	many	teenager
attached	big	come	did	know	little	many	place	teens	then	what	wonderful	world
best	can	days	go	had	life	much	music	now	one	please	real	simpler	then	they	those	too
absolutely	again	all	can	days	get	how	is	miss	never	sad	there	those
60	70	alive	felt	miss	much	optimistic	really
brings	favorites	lovely	new	old	one	timeless
anymore	because	broke	eyes	first	going	heart	listening	not	sun	takes	tears	thought
again	big	could	give	miss	much	reminds	see	sister	whatever	would
10	63	are	brilliant	certainly	classic	era	from	great	is	listening	many	now	one	out	them	there	tune
66	almost	always	at	bar	box	classic	days	early	george	have	he	him	innocent	is	juke	loved	old	playing	reminds	sat	shot	straight	those	through	timeless	while
brings	brought	called	eyes	many	tears
brought	crazy	played	some	stop	teen	thank
as	cassette	child	first	had	listening	tape
brings	germany	listening	stationed	still	wonderful
best	life	music	takes	way	wise
came	club	day	days	good	jumping	old
all	can	club	go	played	remember	teen	texas	they	used
80	brings	club	days
1980s	but	cool	don	guy	like	lil	little	look	man	miss	oh	one
80s	great	how	just	take
could	damn	days	go	these	wish
90	90s	all	boy	dance	dancing	do	floor	generation	just	last	man	miss	new	night	not	take
days	girls	school	singing	takes
at	better	cant	god	much	old	roller	school	skating	takes	then	top	were
at	down	good	listening	remember	reminiscing	rink	skating	times	too	track
ah	as	brings	came	classic	damn	dance	floor	friends	here	high	is	literally	many	out	right	school	track	up	use
ah	awesome	brings	good	rink	skating	times
been	brings	came	day	fl	good	got	have	looking	lot	man	name	never	new	now	one	out	thanks	there
1988	am	because	brings	every	got	is	kind	not	one	rocking	then	what	whatever
70	can	everything	from	miss	more	say	than
80	best	brings	childhood	they	times	were
70s	all	dad	he	little	mom	precious	real	sing	us	used	we	were	while
being	girl	listening	little	parents	reminds	with
2009	6th	away	boyfriend	but	cassette	ex	first	grade	has	he	him	husband	late	later	listen	lol	miss	our	sent	since	think	use	whenever
80s	at	because	car	deceased	didn	each	favorite	getting	give	hard	her	knew	know	listen	mother	now	other	out	really	she	sing	something	turn	up	used	usually	we	what	with
1980	40	about	age	an	be	brings	came	cat	childhood	early	enough	even	eye	feels	first	forgotten	gives	had	her	if	lady	like	little	live	ll	long	lovely	lucky	nostalgia	now	old	out	probably	right	saw	serenading	such	sweet	until	warm	yesterday
big	brings	can	hit	makes	many	more	say	than	words
day	miss	old	really
2019	at	broken	first	goodbye	he	heart	here	high	out	reminds	saying	school	state	truly
childhood	father	listen	remember
2019	but	feels	fresh	many	past	relate	songs	with	wonderful
takes	teenager	wow
feeling	omg	thanks	throw
carefree	days	leo	old	remind	thank	yes
brings	classic	day	enjoy	hear	used	youth
30	after	again	first	gives	innocent	listening	nice	reminds	smile
2019	am	at	but	little	looking	next	nothing	parents	playing	radio	remember	seat	sister	sitting
eyes	nostalgic	tears
be	dad	listen	nostalgia	soon	there	would
as	at	danced	happy	high	maine	our	portland	roller	school	we	wedding	well	were	wife
80s	being	nostalgia	young
another	garbage	great	is	makes	miss	past	today	world
after	every	father	kid	liked	miss	moment	morning	school
14	all	brings	exactly	feeling	first	girl	hand	like	listening	long	old	summer	with	year
1981	after	birthday	her	is	ladies	miss	mum	one	remember	school	shelter	singing	sister	those	with	women	wow
62	best	but	dad	driving	ever	forgotten	has	his	lol	middle	mom	momma	not	old	only	passed	remember	rip	say	while	would	wow
brings	heart	mind	sweet	thank
60s	70s	80s	beat	getting	nostalgic	nothing	songs
good	her	remember	sang	young
childhood	remind
are	before	day	ever	every	feeling	fresh	gives	green	his	leaving	leo	loved	play	remember	sayer	school	single	songs	tracks	wow
1980	20	at	different	from	girlfriend	great	heard	least	phoenix	radio	stations	there	way
better	brings	good	many	much	songs	thank	then	were
friend	girl	high	remember	school
1980	all	had	machine	madrid	play	they	used	wish
ago	days	many	mine	missed	younger
bring	good
brings	classic	many	thank
50	60	70	80	all	being	better	brings	could	feelings	from	had	hear	inside	life	miss	music	older	place	radio	songs	sung	these	understand	words
always	dad	growing	miss	mom	played	up
60s	70s	always	dad	every	he	really
above	all	an	bitter	bringing	many	sweet
at	because	born	brings	date	days	had	how	just	later	miss	music	never	oh	real	those	well
13	ago	at	boyfriend	cause	cry	had	him	just	long	loud	myself	old	or	out	over	reminded	sing	trips	used
1954	age	anyone	as	at	be	been	born	captured	elvis	even	grandmother	has	have	he	his	many	music	never	or	others	popular	presence	presentation	really	sound	started	still	there	through	today	voice	who
21	28	after	bought	car	cd	crying	down	driving	first	had	is	later	loud	marriage	remember	still	up	very	windows
